IMD,Station,EventDate,landslide_size
900001,Sample_A,2007-03-07,medium
900001,Sample_A,2007-06-20,small
900001,Sample_A,2007-07-08,medium
900001,Sample_A,2007-10-10,medium
900001,Sample_A,2008-06-23,medium
900001,Sample_A,2008-08-02,medium
900001,Sample_A,2008-08-18,small
900001,Sample_A,2008-08-27,large
900001,Sample_A,2008-09-08,medium
900001,Sample_A,2009-05-25,small
900001,Sample_A,2010-06-15,medium
900001,Sample_A,2010-07-06,large
900001,Sample_A,2010-07-30,small
900001,Sample_A,2010-08-03,large
900001,Sample_A,2010-08-12,large
900001,Sample_A,2011-03-20,small
900001,Sample_A,2011-05-13,large
900001,Sample_A,2011-05-31,small
900001,Sample_A,2011-06-16,medium
900001,Sample_A,2011-06-24,medium
900001,Sample_A,2011-06-27,large
900001,Sample_A,2011-07-20,medium
900001,Sample_A,2011-07-24,medium
900001,Sample_A,2011-09-18,small
900001,Sample_A,2011-09-21,medium
900001,Sample_A,2011-10-13,large
900001,Sample_A,2012-06-27,medium
900001,Sample_A,2012-07-18,large
900001,Sample_A,2012-07-25,medium
900001,Sample_A,2012-08-08,medium
900001,Sample_A,2012-08-11,small
900001,Sample_A,2012-08-22,medium
900001,Sample_A,2012-09-12,medium
900001,Sample_A,2013-07-04,small
900001,Sample_A,2013-08-03,large
900001,Sample_A,2013-08-07,medium
900001,Sample_A,2013-08-25,small
900001,Sample_A,2014-05-14,medium
900001,Sample_A,2014-05-30,medium
900001,Sample_A,2014-06-23,small
900001,Sample_A,2014-07-11,medium
900001,Sample_A,2014-07-14,medium
900001,Sample_A,2014-07-16,medium
900001,Sample_A,2014-11-29,medium
900001,Sample_A,2015-01-11,medium
900001,Sample_A,2015-03-17,small
900001,Sample_A,2015-06-05,medium
900001,Sample_A,2015-06-28,medium
900001,Sample_A,2015-07-12,medium
900001,Sample_A,2015-07-15,medium
900001,Sample_A,2015-08-08,small
900001,Sample_A,2015-08-20,small
900001,Sample_A,2016-07-15,medium
900001,Sample_A,2016-07-19,small
900001,Sample_A,2016-07-25,small
900001,Sample_A,2016-08-13,medium
900001,Sample_A,2016-08-14,medium
900001,Sample_A,2016-08-24,small
900001,Sample_A,2016-08-30,small
900001,Sample_A,2016-10-07,medium
900001,Sample_A,2017-05-23,medium
900001,Sample_A,2017-05-24,medium
900001,Sample_A,2017-06-09,small
900001,Sample_A,2017-06-12,large
900001,Sample_A,2017-06-23,small
900001,Sample_A,2017-06-25,large
900001,Sample_A,2017-07-29,medium
900001,Sample_A,2017-08-02,medium
900001,Sample_A,2018-05-05,medium
900001,Sample_A,2018-06-18,small
900001,Sample_A,2018-07-07,small
900001,Sample_A,2018-07-09,medium
900001,Sample_A,2018-07-11,medium
900001,Sample_A,2018-07-23,small
900001,Sample_A,2018-08-27,medium
900001,Sample_A,2018-09-27,small
900001,Sample_A,2019-06-17,small
900001,Sample_A,2019-06-29,medium
900001,Sample_A,2019-07-24,large
900001,Sample_A,2019-08-05,small
900001,Sample_A,2019-08-06,medium
900001,Sample_A,2019-08-17,large
900001,Sample_A,2019-08-22,medium
900001,Sample_A,2019-08-30,small
900002,Sample_B,2007-03-31,medium
900002,Sample_B,2007-06-13,small
900002,Sample_B,2007-06-16,small
900002,Sample_B,2007-06-25,small
900002,Sample_B,2007-06-30,small
900002,Sample_B,2007-07-20,medium
900002,Sample_B,2007-08-13,medium
900002,Sample_B,2007-12-07,large
900002,Sample_B,2008-04-01,medium
900002,Sample_B,2008-06-19,medium
900002,Sample_B,2008-07-05,medium
900002,Sample_B,2008-08-06,small
900002,Sample_B,2008-08-09,small
900002,Sample_B,2008-08-11,small
900002,Sample_B,2008-08-21,large
900002,Sample_B,2008-09-17,large
900002,Sample_B,2008-11-23,large
900002,Sample_B,2009-06-16,medium
900002,Sample_B,2009-07-01,medium
900002,Sample_B,2009-07-08,medium
900002,Sample_B,2009-07-14,medium
900002,Sample_B,2009-08-02,medium
900002,Sample_B,2009-08-04,medium
900002,Sample_B,2009-11-30,medium
900002,Sample_B,2010-02-23,medium
900002,Sample_B,2010-06-10,medium
900002,Sample_B,2010-07-15,small
900002,Sample_B,2010-07-17,medium
900002,Sample_B,2010-07-29,medium
900002,Sample_B,2010-08-01,medium
900002,Sample_B,2011-05-19,medium
900002,Sample_B,2011-07-21,medium
900002,Sample_B,2011-07-29,medium
900002,Sample_B,2011-08-15,medium
900002,Sample_B,2011-08-21,medium
900002,Sample_B,2011-09-09,small
900002,Sample_B,2012-05-29,large
900002,Sample_B,2012-07-19,medium
900002,Sample_B,2012-08-13,small
900002,Sample_B,2012-09-07,large
900002,Sample_B,2012-09-11,medium
900002,Sample_B,2013-05-31,small
900002,Sample_B,2013-06-04,small
900002,Sample_B,2013-06-30,medium
900002,Sample_B,2013-07-06,medium
900002,Sample_B,2013-08-28,medium
900002,Sample_B,2014-07-01,medium
900002,Sample_B,2014-07-07,small
900002,Sample_B,2014-07-23,large
900002,Sample_B,2014-08-01,large
900002,Sample_B,2014-08-04,small
900002,Sample_B,2014-08-18,medium
900002,Sample_B,2014-09-05,medium
900002,Sample_B,2014-09-08,small
900002,Sample_B,2015-01-04,large
900002,Sample_B,2015-07-07,medium
900002,Sample_B,2015-08-28,small
900002,Sample_B,2015-09-28,large
900002,Sample_B,2016-06-03,medium
900002,Sample_B,2016-07-07,large
900002,Sample_B,2016-07-15,medium
900002,Sample_B,2016-07-17,large
900002,Sample_B,2016-07-19,medium
900002,Sample_B,2016-08-14,medium
900002,Sample_B,2017-05-23,small
900002,Sample_B,2017-06-06,medium
900002,Sample_B,2017-07-09,small
900002,Sample_B,2017-09-03,small
900002,Sample_B,2017-12-13,small
900002,Sample_B,2018-05-23,medium
900002,Sample_B,2018-06-15,small
900002,Sample_B,2018-07-13,medium
900002,Sample_B,2018-07-14,medium
900002,Sample_B,2018-07-24,medium
900002,Sample_B,2018-08-04,medium
900002,Sample_B,2018-08-08,medium
900002,Sample_B,2019-06-05,medium
900002,Sample_B,2019-06-23,small
900002,Sample_B,2019-07-24,large
900002,Sample_B,2019-08-10,medium
