Station,TR_mm,API_mm,P_TR,P_API,JEP
Sample_A,119.5,58.642203866634006,0.6666666666666666,0.4166666666666667,0.4166666666666667
Sample_A,233.26999999999998,142.8451970648444,0.9166666666666666,0.8333333333333334,0.8333333333333334
Sample_A,63.16,110.88550347316202,0.375,0.6666666666666666,0.3333333333333333
Sample_A,20.89,125.40217735998834,0.08333333333333333,0.75,0.08333333333333333
Sample_A,63.68,13.479407387100002,0.4166666666666667,0.16666666666666666,0.16666666666666666
Sample_A,230.23,77.3696691327807,0.875,0.5833333333333334,0.5833333333333334
Sample_A,34.49,9.293787063900002,0.16666666666666666,0.041666666666666664,0.041666666666666664
Sample_A,311.84999999999997,215.02241675345,0.9583333333333334,0.9583333333333334,0.9583333333333334
Sample_A,167.57999999999998,197.25076645056967,0.75,0.9166666666666666,0.75
Sample_A,88.82,73.31728053832921,0.5,0.5416666666666666,0.375
Sample_A,196.35999999999999,146.27141755315577,0.8333333333333334,0.875,0.7916666666666666
Sample_A,91.53,131.33499289318212,0.5416666666666666,0.7916666666666666,0.5416666666666666
Sample_A,35.87,92.9579394872031,0.20833333333333334,0.625,0.16666666666666666
Sample_B,57.839999999999996,33.45328620000001,0.3333333333333333,0.2916666666666667,0.25
Sample_B,52.84,10.049265900000002,0.2916666666666667,0.08333333333333333,0.08333333333333333
Sample_B,48.6,14.4504,0.25,0.25,0.16666666666666666
Sample_B,11.24,11.282399999999999,0.041666666666666664,0.125,0.041666666666666664
Sample_B,109.98,39.1045104,0.5833333333333334,0.375,0.375
Sample_B,72.02,37.949400000000004,0.4583333333333333,0.3333333333333333,0.3333333333333333
Sample_B,24.31,13.539935700000001,0.125,0.20833333333333334,0.08333333333333333
Sample_B,117.60000000000001,59.82363,0.625,0.5,0.4166666666666667
Sample_B,147.28,122.91826950000002,0.7083333333333334,0.7083333333333334,0.625
Sample_B,172.91000000000003,58.85524710000001,0.7916666666666666,0.4583333333333333,0.4583333333333333
