date,seff
2007-01-01,0.42
2007-01-02,0.4783
2007-01-03,0.4409
2007-01-04,0.4214
2007-01-05,0.4564
2007-01-06,0.4731
2007-01-07,0.4621
2007-01-08,0.5072
2007-01-09,0.5543
2007-01-10,0.5262
2007-01-11,0.5109
2007-01-12,0.5025
2007-01-13,0.5216
2007-01-14,0.513
2007-01-15,0.4993
2007-01-16,0.498
2007-01-17,0.494
2007-01-18,0.4877
2007-01-19,0.4817
2007-01-20,0.4831
2007-01-21,0.505
2007-01-22,0.4528
2007-01-23,0.436
2007-01-24,0.4534
2007-01-25,0.4755
2007-01-26,0.4572
2007-01-27,0.4644
2007-01-28,0.4766
2007-01-29,0.4686
2007-01-30,0.4698
2007-01-31,0.4753
2007-02-01,0.4687
2007-02-02,0.4485
2007-02-03,0.459
2007-02-04,0.4633
2007-02-05,0.4497
2007-02-06,0.4607
2007-02-07,0.4458
2007-02-08,0.4517
2007-02-09,0.4286
2007-02-10,0.4342
2007-02-11,0.4864
2007-02-12,0.4299
2007-02-13,0.4663
2007-02-14,0.4686
2007-02-15,0.4768
2007-02-16,0.4483
2007-02-17,0.4606
2007-02-18,0.4516
2007-02-19,0.459
2007-02-20,0.4605
2007-02-21,0.4709
2007-02-22,0.4522
2007-02-23,0.4418
2007-02-24,0.4377
2007-02-25,0.4305
2007-02-26,0.4519
2007-02-27,0.4638
2007-02-28,0.4438
2007-03-01,0.4611
2007-03-02,0.4753
2007-03-03,0.4366
2007-03-04,0.5514
2007-03-05,0.5267
2007-03-06,0.4967
2007-03-07,0.4922
2007-03-08,0.5088
2007-03-09,0.4964
2007-03-10,0.5067
2007-03-11,0.4515
2007-03-12,0.5082
2007-03-13,0.5048
2007-03-14,0.4564
2007-03-15,0.4625
2007-03-16,0.5124
2007-03-17,0.4872
2007-03-18,0.4656
2007-03-19,0.4606
2007-03-20,0.4659
2007-03-21,0.4793
2007-03-22,0.4815
2007-03-23,0.4931
2007-03-24,0.4688
2007-03-25,0.4374
2007-03-26,0.4772
2007-03-27,0.4614
2007-03-28,0.494
2007-03-29,0.4739
2007-03-30,0.4798
2007-03-31,0.4389
2007-04-01,0.4787
2007-04-02,0.4532
2007-04-03,0.5031
2007-04-04,0.4851
2007-04-05,0.4971
2007-04-06,0.5066
2007-04-07,0.4961
2007-04-08,0.4517
2007-04-09,0.4471
2007-04-10,0.4724
2007-04-11,0.4702
2007-04-12,0.4704
2007-04-13,0.4427
2007-04-14,0.4382
2007-04-15,0.4639
2007-04-16,0.5358
2007-04-17,0.4802
2007-04-18,0.5025
2007-04-19,0.4996
2007-04-20,0.4802
2007-04-21,0.4281
2007-04-22,0.4912
2007-04-23,0.4362
2007-04-24,0.4712
2007-04-25,0.4413
2007-04-26,0.4537
2007-04-27,0.4866
2007-04-28,0.4243
2007-04-29,0.4371
2007-04-30,0.4717
2007-05-01,0.4645
2007-05-02,0.48
2007-05-03,0.4729
2007-05-04,0.4767
2007-05-05,0.4717
2007-05-06,0.4698
2007-05-07,0.5008
2007-05-08,0.5058
2007-05-09,0.5239
2007-05-10,0.5274
2007-05-11,0.5373
2007-05-12,0.4581
2007-05-13,0.4925
2007-05-14,0.5767
2007-05-15,0.6765
2007-05-16,0.7278
2007-05-17,0.652
2007-05-18,0.7144
2007-05-19,0.6598
2007-05-20,0.6279
2007-05-21,0.6391
2007-05-22,0.6431
2007-05-23,0.6331
2007-05-24,0.6318
2007-05-25,0.5983
2007-05-26,0.6103
2007-05-27,0.5798
2007-05-28,0.6689
2007-05-29,0.6235
2007-05-30,0.6282
2007-05-31,0.5953
2007-06-01,0.6207
2007-06-02,0.5847
2007-06-03,0.5928
2007-06-04,0.6989
2007-06-05,0.652
2007-06-06,0.6172
2007-06-07,0.614
2007-06-08,0.614
2007-06-09,0.6227
2007-06-10,0.6331
2007-06-11,0.6501
2007-06-12,0.6441
2007-06-13,0.7414
2007-06-14,0.8372
2007-06-15,0.8177
2007-06-16,0.7411
2007-06-17,0.8242
2007-06-18,0.8683
2007-06-19,0.8491
2007-06-20,0.8542
2007-06-21,0.8456
2007-06-22,0.7998
2007-06-23,0.8223
2007-06-24,0.7861
2007-06-25,0.7806
2007-06-26,0.8521
2007-06-27,0.7864
2007-06-28,0.7386
2007-06-29,0.7479
2007-06-30,0.7479
2007-07-01,0.8275
2007-07-02,0.8295
2007-07-03,0.8035
2007-07-04,0.8357
2007-07-05,0.8412
2007-07-06,0.8149
2007-07-07,0.793
2007-07-08,0.794
2007-07-09,0.8102
2007-07-10,0.7623
2007-07-11,0.7901
2007-07-12,0.756
2007-07-13,0.8034
2007-07-14,0.7937
2007-07-15,0.7608
2007-07-16,0.6971
2007-07-17,0.7657
2007-07-18,0.7099
2007-07-19,0.7679
2007-07-20,0.7757
2007-07-21,0.8477
2007-07-22,0.8216
2007-07-23,0.8155
2007-07-24,0.8218
2007-07-25,0.8352
2007-07-26,0.77
2007-07-27,0.8168
2007-07-28,0.8267
2007-07-29,0.7956
2007-07-30,0.81
2007-07-31,0.7806
2007-08-01,0.7698
2007-08-02,0.7824
2007-08-03,0.771
2007-08-04,0.8313
2007-08-05,0.8144
2007-08-06,0.7969
2007-08-07,0.7692
2007-08-08,0.7812
2007-08-09,0.7343
2007-08-10,0.7319
2007-08-11,0.7693
2007-08-12,0.7743
2007-08-13,0.8176
2007-08-14,0.8844
2007-08-15,0.871
2007-08-16,0.8362
2007-08-17,0.8324
2007-08-18,0.8075
2007-08-19,0.8135
2007-08-20,0.8024
2007-08-21,0.8175
2007-08-22,0.7782
2007-08-23,0.753
2007-08-24,0.7514
2007-08-25,0.7304
2007-08-26,0.7389
2007-08-27,0.6892
2007-08-28,0.6987
2007-08-29,0.7369
2007-08-30,0.7215
2007-08-31,0.7142
2007-09-01,0.6885
2007-09-02,0.6636
2007-09-03,0.7152
2007-09-04,0.7363
2007-09-05,0.8073
2007-09-06,0.7408
2007-09-07,0.7308
2007-09-08,0.7441
2007-09-09,0.6974
2007-09-10,0.7133
2007-09-11,0.7357
2007-09-12,0.739
2007-09-13,0.802
2007-09-14,0.7811
2007-09-15,0.7924
2007-09-16,0.7669
2007-09-17,0.7694
2007-09-18,0.7491
2007-09-19,0.7425
2007-09-20,0.7323
2007-09-21,0.7428
2007-09-22,0.7238
2007-09-23,0.6994
2007-09-24,0.6969
2007-09-25,0.7411
2007-09-26,0.7438
2007-09-27,0.734
2007-09-28,0.6859
2007-09-29,0.703
2007-09-30,0.6756
2007-10-01,0.6456
2007-10-02,0.6757
2007-10-03,0.6406
2007-10-04,0.6142
2007-10-05,0.6302
2007-10-06,0.623
2007-10-07,0.5707
2007-10-08,0.5747
2007-10-09,0.5527
2007-10-10,0.562
2007-10-11,0.5617
2007-10-12,0.5512
2007-10-13,0.5384
2007-10-14,0.5985
2007-10-15,0.5748
2007-10-16,0.5551
2007-10-17,0.5456
2007-10-18,0.5377
2007-10-19,0.5181
2007-10-20,0.5238
2007-10-21,0.5293
2007-10-22,0.5368
2007-10-23,0.5302
2007-10-24,0.4944
2007-10-25,0.539
2007-10-26,0.514
2007-10-27,0.5271
2007-10-28,0.5115
2007-10-29,0.4797
2007-10-30,0.4755
2007-10-31,0.5169
2007-11-01,0.4755
2007-11-02,0.5532
2007-11-03,0.4967
2007-11-04,0.4938
2007-11-05,0.4701
2007-11-06,0.4943
2007-11-07,0.5783
2007-11-08,0.5847
2007-11-09,0.5342
2007-11-10,0.5659
2007-11-11,0.5347
2007-11-12,0.4926
2007-11-13,0.5377
2007-11-14,0.4968
2007-11-15,0.5144
2007-11-16,0.5068
2007-11-17,0.488
2007-11-18,0.4815
2007-11-19,0.4999
2007-11-20,0.4684
2007-11-21,0.4602
2007-11-22,0.5002
2007-11-23,0.4708
2007-11-24,0.5032
2007-11-25,0.4409
2007-11-26,0.4662
2007-11-27,0.4668
2007-11-28,0.446
2007-11-29,0.4905
2007-11-30,0.4607
2007-12-01,0.4244
2007-12-02,0.4708
2007-12-03,0.4293
2007-12-04,0.4603
2007-12-05,0.4663
2007-12-06,0.5035
2007-12-07,0.4462
2007-12-08,0.4569
2007-12-09,0.4439
2007-12-10,0.4417
2007-12-11,0.4678
2007-12-12,0.4762
2007-12-13,0.4693
2007-12-14,0.4017
2007-12-15,0.4691
2007-12-16,0.4494
2007-12-17,0.4287
2007-12-18,0.4349
2007-12-19,0.4083
2007-12-20,0.4619
2007-12-21,0.4484
2007-12-22,0.4542
2007-12-23,0.4353
2007-12-24,0.4324
2007-12-25,0.4629
2007-12-26,0.4666
2007-12-27,0.4495
2007-12-28,0.4481
2007-12-29,0.464
2007-12-30,0.5845
2007-12-31,0.5448
2008-01-01,0.5295
2008-01-02,0.5175
2008-01-03,0.5269
2008-01-04,0.5374
2008-01-05,0.5384
2008-01-06,0.5374
2008-01-07,0.5065
2008-01-08,0.5371
2008-01-09,0.5757
2008-01-10,0.5122
2008-01-11,0.5361
2008-01-12,0.4788
2008-01-13,0.5227
2008-01-14,0.4657
2008-01-15,0.524
2008-01-16,0.5117
2008-01-17,0.454
2008-01-18,0.4735
2008-01-19,0.4425
2008-01-20,0.5168
2008-01-21,0.5071
2008-01-22,0.4778
2008-01-23,0.4488
2008-01-24,0.4731
2008-01-25,0.4712
2008-01-26,0.5613
2008-01-27,0.5727
2008-01-28,0.5445
2008-01-29,0.5381
2008-01-30,0.5107
2008-01-31,0.5008
2008-02-01,0.5186
2008-02-02,0.4953
2008-02-03,0.4825
2008-02-04,0.4646
2008-02-05,0.46
2008-02-06,0.4665
2008-02-07,0.4545
2008-02-08,0.4493
2008-02-09,0.4683
2008-02-10,0.4477
2008-02-11,0.4703
2008-02-12,0.5303
2008-02-13,0.526
2008-02-14,0.4882
2008-02-15,0.5218
2008-02-16,0.4793
2008-02-17,0.4868
2008-02-18,0.5
2008-02-19,0.4721
2008-02-20,0.531
2008-02-21,0.5268
2008-02-22,0.5169
2008-02-23,0.5321
2008-02-24,0.4613
2008-02-25,0.5202
2008-02-26,0.4865
2008-02-27,0.4837
2008-02-28,0.454
2008-02-29,0.5116
2008-03-01,0.4859
2008-03-02,0.4522
2008-03-03,0.4779
2008-03-04,0.5014
2008-03-05,0.4574
2008-03-06,0.4771
2008-03-07,0.4501
2008-03-08,0.4641
2008-03-09,0.5055
2008-03-10,0.4652
2008-03-11,0.4506
2008-03-12,0.4866
2008-03-13,0.4253
2008-03-14,0.4608
2008-03-15,0.4752
2008-03-16,0.4257
2008-03-17,0.4928
2008-03-18,0.5225
2008-03-19,0.5062
2008-03-20,0.4527
2008-03-21,0.482
2008-03-22,0.4575
2008-03-23,0.4687
2008-03-24,0.5088
2008-03-25,0.4765
2008-03-26,0.4705
2008-03-27,0.5438
2008-03-28,0.5129
2008-03-29,0.5008
2008-03-30,0.5141
2008-03-31,0.5186
2008-04-01,0.5065
2008-04-02,0.534
2008-04-03,0.5112
2008-04-04,0.4835
2008-04-05,0.485
2008-04-06,0.5242
2008-04-07,0.5152
2008-04-08,0.4937
2008-04-09,0.4533
2008-04-10,0.458
2008-04-11,0.4638
2008-04-12,0.4777
2008-04-13,0.4736
2008-04-14,0.4782
2008-04-15,0.4246
2008-04-16,0.4712
2008-04-17,0.4876
2008-04-18,0.4759
2008-04-19,0.4642
2008-04-20,0.5213
2008-04-21,0.5148
2008-04-22,0.494
2008-04-23,0.5071
2008-04-24,0.5274
2008-04-25,0.4978
2008-04-26,0.5234
2008-04-27,0.483
2008-04-28,0.4757
2008-04-29,0.5279
2008-04-30,0.4771
2008-05-01,0.4863
2008-05-02,0.4629
2008-05-03,0.4992
2008-05-04,0.4757
2008-05-05,0.4748
2008-05-06,0.5433
2008-05-07,0.5366
2008-05-08,0.5791
2008-05-09,0.6123
2008-05-10,0.6732
2008-05-11,0.7047
2008-05-12,0.704
2008-05-13,0.6455
2008-05-14,0.6519
2008-05-15,0.6267
2008-05-16,0.6251
2008-05-17,0.6148
2008-05-18,0.5884
2008-05-19,0.5733
2008-05-20,0.5567
2008-05-21,0.5504
2008-05-22,0.5828
2008-05-23,0.5321
2008-05-24,0.5866
2008-05-25,0.5835
2008-05-26,0.5794
2008-05-27,0.6483
2008-05-28,0.6229
2008-05-29,0.5789
2008-05-30,0.5699
2008-05-31,0.5824
2008-06-01,0.5484
2008-06-02,0.5575
2008-06-03,0.5357
2008-06-04,0.6775
2008-06-05,0.6265
2008-06-06,0.6776
2008-06-07,0.6555
2008-06-08,0.6563
2008-06-09,0.6768
2008-06-10,0.6411
2008-06-11,0.6723
2008-06-12,0.6567
2008-06-13,0.6987
2008-06-14,0.7352
2008-06-15,0.7782
2008-06-16,0.6968
2008-06-17,0.686
2008-06-18,0.6908
2008-06-19,0.6948
2008-06-20,0.73
2008-06-21,0.7626
2008-06-22,0.8386
2008-06-23,0.8163
2008-06-24,0.7769
2008-06-25,0.8018
2008-06-26,0.8033
2008-06-27,0.8182
2008-06-28,0.8039
2008-06-29,0.8044
2008-06-30,0.8104
2008-07-01,0.7739
2008-07-02,0.8177
2008-07-03,0.805
2008-07-04,0.7945
2008-07-05,0.8174
2008-07-06,0.8334
2008-07-07,0.8702
2008-07-08,0.8403
2008-07-09,0.8359
2008-07-10,0.8077
2008-07-11,0.8441
2008-07-12,0.7956
2008-07-13,0.8243
2008-07-14,0.7766
2008-07-15,0.7873
2008-07-16,0.797
2008-07-17,0.7427
2008-07-18,0.7806
2008-07-19,0.8066
2008-07-20,0.8199
2008-07-21,0.7748
2008-07-22,0.8174
2008-07-23,0.7826
2008-07-24,0.8705
2008-07-25,0.8225
2008-07-26,0.7968
2008-07-27,0.7836
2008-07-28,0.823
2008-07-29,0.8011
2008-07-30,0.79
2008-07-31,0.7715
2008-08-01,0.7669
2008-08-02,0.8312
2008-08-03,0.8992
2008-08-04,0.85
2008-08-05,0.8441
2008-08-06,0.839
2008-08-07,0.8763
2008-08-08,0.8796
2008-08-09,0.8682
2008-08-10,0.8613
2008-08-11,0.8694
2008-08-12,0.8054
2008-08-13,0.876
2008-08-14,0.8652
2008-08-15,0.8946
2008-08-16,0.8265
2008-08-17,0.83
2008-08-18,0.8148
2008-08-19,0.7882
2008-08-20,0.7921
2008-08-21,0.7879
2008-08-22,0.8143
2008-08-23,0.8095
2008-08-24,0.866
2008-08-25,0.821
2008-08-26,0.8451
2008-08-27,0.8168
2008-08-28,0.787
2008-08-29,0.7883
2008-08-30,0.782
2008-08-31,0.751
2008-09-01,0.7225
2008-09-02,0.7827
2008-09-03,0.7449
2008-09-04,0.768
2008-09-05,0.7358
2008-09-06,0.7248
2008-09-07,0.7087
2008-09-08,0.7071
2008-09-09,0.6994
2008-09-10,0.6965
2008-09-11,0.7292
2008-09-12,0.7817
2008-09-13,0.7787
2008-09-14,0.7366
2008-09-15,0.6895
2008-09-16,0.6885
2008-09-17,0.7194
2008-09-18,0.7671
2008-09-19,0.7563
2008-09-20,0.781
2008-09-21,0.7552
2008-09-22,0.7198
2008-09-23,0.6878
2008-09-24,0.6566
2008-09-25,0.6476
2008-09-26,0.6747
2008-09-27,0.6655
2008-09-28,0.6818
2008-09-29,0.6788
2008-09-30,0.713
2008-10-01,0.7301
2008-10-02,0.7298
2008-10-03,0.6698
2008-10-04,0.6828
2008-10-05,0.67
2008-10-06,0.6705
2008-10-07,0.6127
2008-10-08,0.606
2008-10-09,0.5826
2008-10-10,0.6214
2008-10-11,0.5836
2008-10-12,0.5836
2008-10-13,0.5757
2008-10-14,0.5455
2008-10-15,0.5251
2008-10-16,0.5872
2008-10-17,0.5071
2008-10-18,0.5389
2008-10-19,0.5369
2008-10-20,0.5153
2008-10-21,0.5197
2008-10-22,0.5112
2008-10-23,0.5077
2008-10-24,0.5063
2008-10-25,0.4578
2008-10-26,0.4561
2008-10-27,0.5071
2008-10-28,0.4573
2008-10-29,0.4836
2008-10-30,0.5069
2008-10-31,0.4798
2008-11-01,0.4479
2008-11-02,0.4712
2008-11-03,0.4662
2008-11-04,0.4634
2008-11-05,0.4748
2008-11-06,0.4503
2008-11-07,0.4687
2008-11-08,0.4866
2008-11-09,0.4528
2008-11-10,0.4696
2008-11-11,0.4875
2008-11-12,0.4682
2008-11-13,0.4476
2008-11-14,0.4402
2008-11-15,0.4539
2008-11-16,0.4865
2008-11-17,0.4719
2008-11-18,0.4741
2008-11-19,0.5392
2008-11-20,0.4818
2008-11-21,0.4577
2008-11-22,0.4966
2008-11-23,0.4941
2008-11-24,0.4648
2008-11-25,0.4725
2008-11-26,0.4678
2008-11-27,0.4574
2008-11-28,0.4404
2008-11-29,0.4831
2008-11-30,0.4774
2008-12-01,0.441
2008-12-02,0.464
2008-12-03,0.4428
2008-12-04,0.4339
2008-12-05,0.4661
2008-12-06,0.454
2008-12-07,0.4536
2008-12-08,0.4586
2008-12-09,0.4651
2008-12-10,0.5099
2008-12-11,0.4774
2008-12-12,0.4906
2008-12-13,0.5867
2008-12-14,0.5367
2008-12-15,0.5567
2008-12-16,0.5187
2008-12-17,0.534
2008-12-18,0.542
2008-12-19,0.5255
2008-12-20,0.5134
2008-12-21,0.5088
2008-12-22,0.4828
2008-12-23,0.5202
2008-12-24,0.471
2008-12-25,0.4516
2008-12-26,0.4766
2008-12-27,0.5064
2008-12-28,0.5255
2008-12-29,0.5032
2008-12-30,0.4833
2008-12-31,0.4775
2009-01-01,0.4712
2009-01-02,0.4583
2009-01-03,0.4847
2009-01-04,0.529
2009-01-05,0.4742
2009-01-06,0.4705
2009-01-07,0.4788
2009-01-08,0.4763
2009-01-09,0.4764
2009-01-10,0.5015
2009-01-11,0.4704
2009-01-12,0.47
2009-01-13,0.4682
2009-01-14,0.4441
2009-01-15,0.4445
2009-01-16,0.4186
2009-01-17,0.4485
2009-01-18,0.4453
2009-01-19,0.4577
2009-01-20,0.4789
2009-01-21,0.4152
2009-01-22,0.4717
2009-01-23,0.4905
2009-01-24,0.4544
2009-01-25,0.4568
2009-01-26,0.488
2009-01-27,0.4686
2009-01-28,0.4625
2009-01-29,0.4366
2009-01-30,0.4421
2009-01-31,0.4682
2009-02-01,0.4722
2009-02-02,0.4551
2009-02-03,0.4793
2009-02-04,0.4837
2009-02-05,0.4153
2009-02-06,0.4462
2009-02-07,0.4419
2009-02-08,0.459
2009-02-09,0.5026
2009-02-10,0.5243
2009-02-11,0.5175
2009-02-12,0.54
2009-02-13,0.4995
2009-02-14,0.5047
2009-02-15,0.5284
2009-02-16,0.5298
2009-02-17,0.5295
2009-02-18,0.5147
2009-02-19,0.4829
2009-02-20,0.4834
2009-02-21,0.5067
2009-02-22,0.4697
2009-02-23,0.4902
2009-02-24,0.462
2009-02-25,0.4911
2009-02-26,0.4839
2009-02-27,0.4415
2009-02-28,0.4568
2009-03-01,0.4545
2009-03-02,0.4795
2009-03-03,0.4558
2009-03-04,0.4171
2009-03-05,0.4582
2009-03-06,0.4628
2009-03-07,0.4332
2009-03-08,0.4832
2009-03-09,0.4796
2009-03-10,0.428
2009-03-11,0.4568
2009-03-12,0.4055
2009-03-13,0.4363
2009-03-14,0.4279
2009-03-15,0.4783
2009-03-16,0.4822
2009-03-17,0.4802
2009-03-18,0.4627
2009-03-19,0.4605
2009-03-20,0.4788
2009-03-21,0.4564
2009-03-22,0.4957
2009-03-23,0.4618
2009-03-24,0.4598
2009-03-25,0.4746
2009-03-26,0.4538
2009-03-27,0.4851
2009-03-28,0.4808
2009-03-29,0.4683
2009-03-30,0.4376
2009-03-31,0.4578
2009-04-01,0.4543
2009-04-02,0.4897
2009-04-03,0.4854
2009-04-04,0.4735
2009-04-05,0.5092
2009-04-06,0.5029
2009-04-07,0.4833
2009-04-08,0.4907
2009-04-09,0.4777
2009-04-10,0.487
2009-04-11,0.4574
2009-04-12,0.5171
2009-04-13,0.4992
2009-04-14,0.4814
2009-04-15,0.462
2009-04-16,0.4805
2009-04-17,0.4614
2009-04-18,0.4873
2009-04-19,0.467
2009-04-20,0.4626
2009-04-21,0.4217
2009-04-22,0.4448
2009-04-23,0.4651
2009-04-24,0.4348
2009-04-25,0.4538
2009-04-26,0.4747
2009-04-27,0.4857
2009-04-28,0.4455
2009-04-29,0.394
2009-04-30,0.4552
2009-05-01,0.4661
2009-05-02,0.4221
2009-05-03,0.4785
2009-05-04,0.451
2009-05-05,0.4931
2009-05-06,0.4588
2009-05-07,0.4626
2009-05-08,0.4372
2009-05-09,0.472
2009-05-10,0.4622
2009-05-11,0.4423
2009-05-12,0.5633
2009-05-13,0.5327
2009-05-14,0.566
2009-05-15,0.5513
2009-05-16,0.532
2009-05-17,0.5207
2009-05-18,0.5541
2009-05-19,0.5288
2009-05-20,0.5294
2009-05-21,0.4927
2009-05-22,0.5697
2009-05-23,0.5742
2009-05-24,0.5464
2009-05-25,0.532
2009-05-26,0.5704
2009-05-27,0.5406
2009-05-28,0.5447
2009-05-29,0.6056
2009-05-30,0.6095
2009-05-31,0.5947
2009-06-01,0.5833
2009-06-02,0.6515
2009-06-03,0.5995
2009-06-04,0.6254
2009-06-05,0.6164
2009-06-06,0.6091
2009-06-07,0.6273
2009-06-08,0.6149
2009-06-09,0.5989
2009-06-10,0.5923
2009-06-11,0.5541
2009-06-12,0.5663
2009-06-13,0.6111
2009-06-14,0.5568
2009-06-15,0.5381
2009-06-16,0.5341
2009-06-17,0.6792
2009-06-18,0.6059
2009-06-19,0.6567
2009-06-20,0.6234
2009-06-21,0.7473
2009-06-22,0.7369
2009-06-23,0.7147
2009-06-24,0.7358
2009-06-25,0.739
2009-06-26,0.7262
2009-06-27,0.6782
2009-06-28,0.7503
2009-06-29,0.6983
2009-06-30,0.735
2009-07-01,0.7425
2009-07-02,0.7761
2009-07-03,0.8198
2009-07-04,0.7865
2009-07-05,0.8086
2009-07-06,0.7684
2009-07-07,0.7332
2009-07-08,0.7449
2009-07-09,0.836
2009-07-10,0.8271
2009-07-11,0.8424
2009-07-12,0.7904
2009-07-13,0.7789
2009-07-14,0.7988
2009-07-15,0.8269
2009-07-16,0.8438
2009-07-17,0.8224
2009-07-18,0.7911
2009-07-19,0.8113
2009-07-20,0.7693
2009-07-21,0.7181
2009-07-22,0.7465
2009-07-23,0.7718
2009-07-24,0.7496
2009-07-25,0.7424
2009-07-26,0.7728
2009-07-27,0.7474
2009-07-28,0.7278
2009-07-29,0.7163
2009-07-30,0.711
2009-07-31,0.7079
2009-08-01,0.7142
2009-08-02,0.7087
2009-08-03,0.8122
2009-08-04,0.8016
2009-08-05,0.8411
2009-08-06,0.7501
2009-08-07,0.9021
2009-08-08,0.8721
2009-08-09,0.9042
2009-08-10,0.8539
2009-08-11,0.8666
2009-08-12,0.8759
2009-08-13,0.9018
2009-08-14,0.8797
2009-08-15,0.8514
2009-08-16,0.8206
2009-08-17,0.8755
2009-08-18,0.8215
2009-08-19,0.8379
2009-08-20,0.8057
2009-08-21,0.8067
2009-08-22,0.8026
2009-08-23,0.8003
2009-08-24,0.7931
2009-08-25,0.7689
2009-08-26,0.7498
2009-08-27,0.7552
2009-08-28,0.778
2009-08-29,0.7222
2009-08-30,0.7237
2009-08-31,0.7043
2009-09-01,0.707
2009-09-02,0.7028
2009-09-03,0.7052
2009-09-04,0.7059
2009-09-05,0.71
2009-09-06,0.6758
2009-09-07,0.6802
2009-09-08,0.6597
2009-09-09,0.7107
2009-09-10,0.6965
2009-09-11,0.6838
2009-09-12,0.6976
2009-09-13,0.6641
2009-09-14,0.6692
2009-09-15,0.6581
2009-09-16,0.6364
2009-09-17,0.6328
2009-09-18,0.6112
2009-09-19,0.6049
2009-09-20,0.5756
2009-09-21,0.7023
2009-09-22,0.6459
2009-09-23,0.6682
2009-09-24,0.6251
2009-09-25,0.6173
2009-09-26,0.6831
2009-09-27,0.6675
2009-09-28,0.6662
2009-09-29,0.6211
2009-09-30,0.6215
2009-10-01,0.5789
2009-10-02,0.594
2009-10-03,0.6403
2009-10-04,0.5915
2009-10-05,0.5967
2009-10-06,0.5722
2009-10-07,0.5441
2009-10-08,0.5982
2009-10-09,0.5852
2009-10-10,0.576
2009-10-11,0.5807
2009-10-12,0.5361
2009-10-13,0.5342
2009-10-14,0.5109
2009-10-15,0.5093
2009-10-16,0.4959
2009-10-17,0.4886
2009-10-18,0.4891
2009-10-19,0.5817
2009-10-20,0.5519
2009-10-21,0.5533
2009-10-22,0.5394
2009-10-23,0.5171
2009-10-24,0.5849
2009-10-25,0.584
2009-10-26,0.5838
2009-10-27,0.5856
2009-10-28,0.6177
2009-10-29,0.6305
2009-10-30,0.6107
2009-10-31,0.5996
2009-11-01,0.5902
2009-11-02,0.556
2009-11-03,0.6119
2009-11-04,0.588
2009-11-05,0.5716
2009-11-06,0.5463
2009-11-07,0.5805
2009-11-08,0.5775
2009-11-09,0.5151
2009-11-10,0.6616
2009-11-11,0.6058
2009-11-12,0.6131
2009-11-13,0.5516
2009-11-14,0.576
2009-11-15,0.5836
2009-11-16,0.5518
2009-11-17,0.5652
2009-11-18,0.5396
2009-11-19,0.549
2009-11-20,0.5611
2009-11-21,0.5525
2009-11-22,0.5628
2009-11-23,0.531
2009-11-24,0.5016
2009-11-25,0.5324
2009-11-26,0.5888
2009-11-27,0.5863
2009-11-28,0.5713
2009-11-29,0.5537
2009-11-30,0.5366
2009-12-01,0.6454
2009-12-02,0.6778
2009-12-03,0.6548
2009-12-04,0.6002
2009-12-05,0.6497
2009-12-06,0.6363
2009-12-07,0.6019
2009-12-08,0.6272
2009-12-09,0.6097
2009-12-10,0.626
2009-12-11,0.5664
2009-12-12,0.5481
2009-12-13,0.5771
2009-12-14,0.5385
2009-12-15,0.5718
2009-12-16,0.5503
2009-12-17,0.4992
2009-12-18,0.5008
2009-12-19,0.4918
2009-12-20,0.5369
2009-12-21,0.5572
2009-12-22,0.5454
2009-12-23,0.4999
2009-12-24,0.5252
2009-12-25,0.4393
2009-12-26,0.5545
2009-12-27,0.5423
2009-12-28,0.5578
2009-12-29,0.5376
2009-12-30,0.4992
2009-12-31,0.5118
2010-01-01,0.4834
2010-01-02,0.4933
2010-01-03,0.483
2010-01-04,0.5513
2010-01-05,0.4729
2010-01-06,0.4733
2010-01-07,0.4825
2010-01-08,0.5169
2010-01-09,0.4537
2010-01-10,0.5111
2010-01-11,0.501
2010-01-12,0.461
2010-01-13,0.4676
2010-01-14,0.5128
2010-01-15,0.4292
2010-01-16,0.4389
2010-01-17,0.4233
2010-01-18,0.4464
2010-01-19,0.4634
2010-01-20,0.4393
2010-01-21,0.5128
2010-01-22,0.5043
2010-01-23,0.5363
2010-01-24,0.5121
2010-01-25,0.5065
2010-01-26,0.4904
2010-01-27,0.5226
2010-01-28,0.4968
2010-01-29,0.512
2010-01-30,0.4681
2010-01-31,0.4841
2010-02-01,0.4777
2010-02-02,0.4538
2010-02-03,0.4633
2010-02-04,0.4378
2010-02-05,0.4523
2010-02-06,0.513
2010-02-07,0.4683
2010-02-08,0.4364
2010-02-09,0.4779
2010-02-10,0.4854
2010-02-11,0.5012
2010-02-12,0.4721
2010-02-13,0.4779
2010-02-14,0.4615
2010-02-15,0.4395
2010-02-16,0.4612
2010-02-17,0.45
2010-02-18,0.4469
2010-02-19,0.5075
2010-02-20,0.4641
2010-02-21,0.447
2010-02-22,0.4571
2010-02-23,0.4838
2010-02-24,0.4577
2010-02-25,0.4461
2010-02-26,0.487
2010-02-27,0.4425
2010-02-28,0.474
2010-03-01,0.4581
2010-03-02,0.4444
2010-03-03,0.4773
2010-03-04,0.4701
2010-03-05,0.4709
2010-03-06,0.4547
2010-03-07,0.4502
2010-03-08,0.3855
2010-03-09,0.446
2010-03-10,0.4464
2010-03-11,0.4716
2010-03-12,0.5017
2010-03-13,0.4527
2010-03-14,0.5029
2010-03-15,0.4494
2010-03-16,0.4744
2010-03-17,0.4758
2010-03-18,0.4139
2010-03-19,0.4872
2010-03-20,0.4276
2010-03-21,0.4477
2010-03-22,0.4317
2010-03-23,0.4361
2010-03-24,0.4253
2010-03-25,0.442
2010-03-26,0.4807
2010-03-27,0.4254
2010-03-28,0.4719
2010-03-29,0.4594
2010-03-30,0.4658
2010-03-31,0.4599
2010-04-01,0.4678
2010-04-02,0.4655
2010-04-03,0.4282
2010-04-04,0.4188
2010-04-05,0.471
2010-04-06,0.4605
2010-04-07,0.4839
2010-04-08,0.4512
2010-04-09,0.4458
2010-04-10,0.4305
2010-04-11,0.4097
2010-04-12,0.456
2010-04-13,0.4812
2010-04-14,0.4464
2010-04-15,0.4868
2010-04-16,0.4852
2010-04-17,0.4329
2010-04-18,0.5052
2010-04-19,0.4712
2010-04-20,0.4941
2010-04-21,0.4984
2010-04-22,0.477
2010-04-23,0.4782
2010-04-24,0.4994
2010-04-25,0.5167
2010-04-26,0.4511
2010-04-27,0.4615
2010-04-28,0.4519
2010-04-29,0.5771
2010-04-30,0.5969
2010-05-01,0.562
2010-05-02,0.5874
2010-05-03,0.6102
2010-05-04,0.5718
2010-05-05,0.5413
2010-05-06,0.5547
2010-05-07,0.5431
2010-05-08,0.5215
2010-05-09,0.5536
2010-05-10,0.6032
2010-05-11,0.5708
2010-05-12,0.5936
2010-05-13,0.5388
2010-05-14,0.5817
2010-05-15,0.5445
2010-05-16,0.5698
2010-05-17,0.5337
2010-05-18,0.4931
2010-05-19,0.5036
2010-05-20,0.5169
2010-05-21,0.5051
2010-05-22,0.5219
2010-05-23,0.5459
2010-05-24,0.4963
2010-05-25,0.5095
2010-05-26,0.4903
2010-05-27,0.5346
2010-05-28,0.5626
2010-05-29,0.5367
2010-05-30,0.5101
2010-05-31,0.5127
2010-06-01,0.5058
2010-06-02,0.518
2010-06-03,0.6423
2010-06-04,0.6237
2010-06-05,0.6168
2010-06-06,0.5706
2010-06-07,0.6047
2010-06-08,0.5911
2010-06-09,0.7293
2010-06-10,0.7001
2010-06-11,0.7596
2010-06-12,0.774
2010-06-13,0.7446
2010-06-14,0.723
2010-06-15,0.6956
2010-06-16,0.7001
2010-06-17,0.6856
2010-06-18,0.666
2010-06-19,0.6751
2010-06-20,0.7158
2010-06-21,0.6991
2010-06-22,0.6759
2010-06-23,0.6343
2010-06-24,0.6608
2010-06-25,0.644
2010-06-26,0.7769
2010-06-27,0.76
2010-06-28,0.7835
2010-06-29,0.7872
2010-06-30,0.7587
2010-07-01,0.7235
2010-07-02,0.7521
2010-07-03,0.7835
2010-07-04,0.7667
2010-07-05,0.7812
2010-07-06,0.7696
2010-07-07,0.72
2010-07-08,0.7773
2010-07-09,0.7448
2010-07-10,0.7983
2010-07-11,0.7679
2010-07-12,0.7588
2010-07-13,0.7505
2010-07-14,0.7566
2010-07-15,0.7112
2010-07-16,0.7538
2010-07-17,0.7893
2010-07-18,0.8068
2010-07-19,0.7985
2010-07-20,0.7921
2010-07-21,0.7699
2010-07-22,0.7519
2010-07-23,0.8232
2010-07-24,0.7708
2010-07-25,0.8212
2010-07-26,0.7775
2010-07-27,0.8258
2010-07-28,0.8128
2010-07-29,0.8369
2010-07-30,0.8191
2010-07-31,0.8721
2010-08-01,0.8494
2010-08-02,0.8383
2010-08-03,0.8734
2010-08-04,0.9001
2010-08-05,0.8599
2010-08-06,0.8643
2010-08-07,0.9029
2010-08-08,0.869
2010-08-09,0.8419
2010-08-10,0.8631
2010-08-11,0.8653
2010-08-12,0.8443
2010-08-13,0.8497
2010-08-14,0.789
2010-08-15,0.8413
2010-08-16,0.7949
2010-08-17,0.8027
2010-08-18,0.8165
2010-08-19,0.7995
2010-08-20,0.8009
2010-08-21,0.7766
2010-08-22,0.7992
2010-08-23,0.8418
2010-08-24,0.8413
2010-08-25,0.8227
2010-08-26,0.8161
2010-08-27,0.7886
2010-08-28,0.7534
2010-08-29,0.7573
2010-08-30,0.7434
2010-08-31,0.7147
2010-09-01,0.6525
2010-09-02,0.7182
2010-09-03,0.6953
2010-09-04,0.6909
2010-09-05,0.6672
2010-09-06,0.6749
2010-09-07,0.6555
2010-09-08,0.659
2010-09-09,0.6106
2010-09-10,0.6173
2010-09-11,0.5838
2010-09-12,0.6003
2010-09-13,0.582
2010-09-14,0.5679
2010-09-15,0.6141
2010-09-16,0.5955
2010-09-17,0.596
2010-09-18,0.5343
2010-09-19,0.5524
2010-09-20,0.5438
2010-09-21,0.5755
2010-09-22,0.5491
2010-09-23,0.5255
2010-09-24,0.5494
2010-09-25,0.5211
2010-09-26,0.5564
2010-09-27,0.5388
2010-09-28,0.5576
2010-09-29,0.5289
2010-09-30,0.5465
2010-10-01,0.4984
2010-10-02,0.5101
2010-10-03,0.5227
2010-10-04,0.5498
2010-10-05,0.5223
2010-10-06,0.4977
2010-10-07,0.5272
2010-10-08,0.5234
2010-10-09,0.5001
2010-10-10,0.4824
2010-10-11,0.4972
2010-10-12,0.5192
2010-10-13,0.4655
2010-10-14,0.447
2010-10-15,0.4766
2010-10-16,0.4479
2010-10-17,0.4396
2010-10-18,0.4752
2010-10-19,0.4937
2010-10-20,0.498
2010-10-21,0.486
2010-10-22,0.4886
2010-10-23,0.4752
2010-10-24,0.5008
2010-10-25,0.4626
2010-10-26,0.4542
2010-10-27,0.4957
2010-10-28,0.5689
2010-10-29,0.5448
2010-10-30,0.5404
2010-10-31,0.5983
2010-11-01,0.5796
2010-11-02,0.5482
2010-11-03,0.5373
2010-11-04,0.5704
2010-11-05,0.5423
2010-11-06,0.5274
2010-11-07,0.5229
2010-11-08,0.5378
2010-11-09,0.5468
2010-11-10,0.5116
2010-11-11,0.4878
2010-11-12,0.4899
2010-11-13,0.4911
2010-11-14,0.5049
2010-11-15,0.49
2010-11-16,0.4988
2010-11-17,0.4548
2010-11-18,0.4843
2010-11-19,0.5092
2010-11-20,0.4808
2010-11-21,0.4645
2010-11-22,0.4749
2010-11-23,0.5159
2010-11-24,0.4984
2010-11-25,0.5089
2010-11-26,0.4538
2010-11-27,0.487
2010-11-28,0.4832
2010-11-29,0.4832
2010-11-30,0.4724
2010-12-01,0.4683
2010-12-02,0.4758
2010-12-03,0.4427
2010-12-04,0.4543
2010-12-05,0.4587
2010-12-06,0.4691
2010-12-07,0.4601
2010-12-08,0.446
2010-12-09,0.4765
2010-12-10,0.4635
2010-12-11,0.4595
2010-12-12,0.4657
2010-12-13,0.4592
2010-12-14,0.4796
2010-12-15,0.452
2010-12-16,0.4348
2010-12-17,0.4619
2010-12-18,0.4638
2010-12-19,0.4692
2010-12-20,0.4646
2010-12-21,0.4506
2010-12-22,0.4827
2010-12-23,0.4405
2010-12-24,0.439
2010-12-25,0.4653
2010-12-26,0.4382
2010-12-27,0.4748
2010-12-28,0.4341
2010-12-29,0.4551
2010-12-30,0.4547
2010-12-31,0.4418
2011-01-01,0.4161
2011-01-02,0.4563
2011-01-03,0.4561
2011-01-04,0.4505
2011-01-05,0.4615
2011-01-06,0.4438
2011-01-07,0.4542
2011-01-08,0.4303
2011-01-09,0.4974
2011-01-10,0.4559
2011-01-11,0.4852
2011-01-12,0.4577
2011-01-13,0.4886
2011-01-14,0.4468
2011-01-15,0.4437
2011-01-16,0.4414
2011-01-17,0.458
2011-01-18,0.4382
2011-01-19,0.4275
2011-01-20,0.4837
2011-01-21,0.4801
2011-01-22,0.4896
2011-01-23,0.5152
2011-01-24,0.4477
2011-01-25,0.4932
2011-01-26,0.524
2011-01-27,0.5206
2011-01-28,0.4939
2011-01-29,0.4983
2011-01-30,0.4786
2011-01-31,0.5011
2011-02-01,0.4621
2011-02-02,0.4217
2011-02-03,0.49
2011-02-04,0.4694
2011-02-05,0.4659
2011-02-06,0.4761
2011-02-07,0.4757
2011-02-08,0.4352
2011-02-09,0.4629
2011-02-10,0.4459
2011-02-11,0.453
2011-02-12,0.4801
2011-02-13,0.467
2011-02-14,0.4549
2011-02-15,0.4674
2011-02-16,0.461
2011-02-17,0.4637
2011-02-18,0.478
2011-02-19,0.4606
2011-02-20,0.4513
2011-02-21,0.4544
2011-02-22,0.4376
2011-02-23,0.4847
2011-02-24,0.4689
2011-02-25,0.4196
2011-02-26,0.4531
2011-02-27,0.4792
2011-02-28,0.4228
2011-03-01,0.4467
2011-03-02,0.4887
2011-03-03,0.4612
2011-03-04,0.4685
2011-03-05,0.434
2011-03-06,0.4834
2011-03-07,0.4635
2011-03-08,0.4794
2011-03-09,0.4335
2011-03-10,0.4415
2011-03-11,0.4339
2011-03-12,0.4592
2011-03-13,0.4795
2011-03-14,0.4951
2011-03-15,0.5189
2011-03-16,0.5021
2011-03-17,0.4702
2011-03-18,0.4893
2011-03-19,0.4578
2011-03-20,0.4897
2011-03-21,0.449
2011-03-22,0.4839
2011-03-23,0.4874
2011-03-24,0.4407
2011-03-25,0.4835
2011-03-26,0.4898
2011-03-27,0.4929
2011-03-28,0.4895
2011-03-29,0.474
2011-03-30,0.4736
2011-03-31,0.4469
2011-04-01,0.4957
2011-04-02,0.4602
2011-04-03,0.4771
2011-04-04,0.4697
2011-04-05,0.4572
2011-04-06,0.4689
2011-04-07,0.4995
2011-04-08,0.4866
2011-04-09,0.462
2011-04-10,0.5084
2011-04-11,0.4828
2011-04-12,0.4646
2011-04-13,0.4611
2011-04-14,0.5272
2011-04-15,0.4889
2011-04-16,0.4852
2011-04-17,0.4509
2011-04-18,0.4805
2011-04-19,0.4701
2011-04-20,0.4974
2011-04-21,0.5029
2011-04-22,0.4956
2011-04-23,0.4423
2011-04-24,0.4766
2011-04-25,0.497
2011-04-26,0.4625
2011-04-27,0.4622
2011-04-28,0.4749
2011-04-29,0.4454
2011-04-30,0.464
2011-05-01,0.4664
2011-05-02,0.4725
2011-05-03,0.4685
2011-05-04,0.4658
2011-05-05,0.4564
2011-05-06,0.5701
2011-05-07,0.55
2011-05-08,0.5332
2011-05-09,0.5169
2011-05-10,0.5504
2011-05-11,0.4995
2011-05-12,0.5251
2011-05-13,0.519
2011-05-14,0.497
2011-05-15,0.4609
2011-05-16,0.461
2011-05-17,0.5376
2011-05-18,0.5503
2011-05-19,0.5756
2011-05-20,0.5484
2011-05-21,0.5799
2011-05-22,0.6031
2011-05-23,0.6429
2011-05-24,0.6187
2011-05-25,0.616
2011-05-26,0.5587
2011-05-27,0.5564
2011-05-28,0.5812
2011-05-29,0.5484
2011-05-30,0.5337
2011-05-31,0.5027
2011-06-01,0.5156
2011-06-02,0.5075
2011-06-03,0.5703
2011-06-04,0.5645
2011-06-05,0.5942
2011-06-06,0.6036
2011-06-07,0.6478
2011-06-08,0.5852
2011-06-09,0.7183
2011-06-10,0.7029
2011-06-11,0.6982
2011-06-12,0.7361
2011-06-13,0.7099
2011-06-14,0.716
2011-06-15,0.7146
2011-06-16,0.689
2011-06-17,0.6817
2011-06-18,0.6756
2011-06-19,0.6736
2011-06-20,0.6344
2011-06-21,0.631
2011-06-22,0.6287
2011-06-23,0.6743
2011-06-24,0.77
2011-06-25,0.7702
2011-06-26,0.736
2011-06-27,0.7765
2011-06-28,0.7808
2011-06-29,0.7727
2011-06-30,0.7563
2011-07-01,0.7943
2011-07-02,0.826
2011-07-03,0.8644
2011-07-04,0.7804
2011-07-05,0.8223
2011-07-06,0.7757
2011-07-07,0.7526
2011-07-08,0.7422
2011-07-09,0.7704
2011-07-10,0.7629
2011-07-11,0.7757
2011-07-12,0.7679
2011-07-13,0.7353
2011-07-14,0.751
2011-07-15,0.7206
2011-07-16,0.7114
2011-07-17,0.6918
2011-07-18,0.6663
2011-07-19,0.6827
2011-07-20,0.6321
2011-07-21,0.6484
2011-07-22,0.8077
2011-07-23,0.7735
2011-07-24,0.7955
2011-07-25,0.7692
2011-07-26,0.7187
2011-07-27,0.7101
2011-07-28,0.7713
2011-07-29,0.7804
2011-07-30,0.8034
2011-07-31,0.8106
2011-08-01,0.8033
2011-08-02,0.8301
2011-08-03,0.7803
2011-08-04,0.7937
2011-08-05,0.8039
2011-08-06,0.8132
2011-08-07,0.8202
2011-08-08,0.7761
2011-08-09,0.7197
2011-08-10,0.7749
2011-08-11,0.7433
2011-08-12,0.7333
2011-08-13,0.7697
2011-08-14,0.7597
2011-08-15,0.7862
2011-08-16,0.8217
2011-08-17,0.7985
2011-08-18,0.7714
2011-08-19,0.8164
2011-08-20,0.8129
2011-08-21,0.7458
2011-08-22,0.805
2011-08-23,0.791
2011-08-24,0.7827
2011-08-25,0.745
2011-08-26,0.7617
2011-08-27,0.747
2011-08-28,0.7722
2011-08-29,0.797
2011-08-30,0.8105
2011-08-31,0.7388
2011-09-01,0.7549
2011-09-02,0.7343
2011-09-03,0.7358
2011-09-04,0.7265
2011-09-05,0.7164
2011-09-06,0.6873
2011-09-07,0.6917
2011-09-08,0.6954
2011-09-09,0.6168
2011-09-10,0.7508
2011-09-11,0.7417
2011-09-12,0.7783
2011-09-13,0.7215
2011-09-14,0.7521
2011-09-15,0.7045
2011-09-16,0.7056
2011-09-17,0.6853
2011-09-18,0.6671
2011-09-19,0.6579
2011-09-20,0.6318
2011-09-21,0.6394
2011-09-22,0.6552
2011-09-23,0.6075
2011-09-24,0.6006
2011-09-25,0.6002
2011-09-26,0.5613
2011-09-27,0.5582
2011-09-28,0.5574
2011-09-29,0.5469
2011-09-30,0.597
2011-10-01,0.5781
2011-10-02,0.6366
2011-10-03,0.6737
2011-10-04,0.6176
2011-10-05,0.6818
2011-10-06,0.6779
2011-10-07,0.6663
2011-10-08,0.6614
2011-10-09,0.6394
2011-10-10,0.6062
2011-10-11,0.5825
2011-10-12,0.596
2011-10-13,0.5632
2011-10-14,0.5461
2011-10-15,0.5716
2011-10-16,0.533
2011-10-17,0.529
2011-10-18,0.5329
2011-10-19,0.4762
2011-10-20,0.5658
2011-10-21,0.5366
2011-10-22,0.5412
2011-10-23,0.496
2011-10-24,0.4957
2011-10-25,0.508
2011-10-26,0.4874
2011-10-27,0.488
2011-10-28,0.4701
2011-10-29,0.4585
2011-10-30,0.4982
2011-10-31,0.5052
2011-11-01,0.4924
2011-11-02,0.4744
2011-11-03,0.5264
2011-11-04,0.4718
2011-11-05,0.4369
2011-11-06,0.483
2011-11-07,0.4516
2011-11-08,0.5177
2011-11-09,0.4763
2011-11-10,0.4843
2011-11-11,0.4815
2011-11-12,0.4722
2011-11-13,0.4483
2011-11-14,0.5338
2011-11-15,0.5222
2011-11-16,0.4943
2011-11-17,0.5193
2011-11-18,0.5122
2011-11-19,0.4759
2011-11-20,0.4906
2011-11-21,0.4541
2011-11-22,0.4302
2011-11-23,0.4965
2011-11-24,0.4765
2011-11-25,0.498
2011-11-26,0.4755
2011-11-27,0.4758
2011-11-28,0.4753
2011-11-29,0.4773
2011-11-30,0.4768
2011-12-01,0.4664
2011-12-02,0.4931
2011-12-03,0.4397
2011-12-04,0.5169
2011-12-05,0.5481
2011-12-06,0.541
2011-12-07,0.5256
2011-12-08,0.4782
2011-12-09,0.4999
2011-12-10,0.466
2011-12-11,0.4999
2011-12-12,0.4737
2011-12-13,0.4627
2011-12-14,0.4797
2011-12-15,0.4911
2011-12-16,0.4388
2011-12-17,0.461
2011-12-18,0.4692
2011-12-19,0.4684
2011-12-20,0.5381
2011-12-21,0.5431
2011-12-22,0.5222
2011-12-23,0.5461
2011-12-24,0.528
2011-12-25,0.5455
2011-12-26,0.4947
2011-12-27,0.504
2011-12-28,0.5173
2011-12-29,0.5299
2011-12-30,0.5065
2011-12-31,0.491
2012-01-01,0.4585
2012-01-02,0.4807
2012-01-03,0.4894
2012-01-04,0.5031
2012-01-05,0.4501
2012-01-06,0.4859
2012-01-07,0.4799
2012-01-08,0.5137
2012-01-09,0.4918
2012-01-10,0.4362
2012-01-11,0.4542
2012-01-12,0.4594
2012-01-13,0.4489
2012-01-14,0.451
2012-01-15,0.4323
2012-01-16,0.4572
2012-01-17,0.4473
2012-01-18,0.4575
2012-01-19,0.4516
2012-01-20,0.464
2012-01-21,0.4604
2012-01-22,0.4586
2012-01-23,0.4535
2012-01-24,0.4302
2012-01-25,0.4828
2012-01-26,0.5082
2012-01-27,0.4795
2012-01-28,0.478
2012-01-29,0.4839
2012-01-30,0.473
2012-01-31,0.4579
2012-02-01,0.462
2012-02-02,0.4472
2012-02-03,0.4441
2012-02-04,0.4627
2012-02-05,0.4519
2012-02-06,0.4388
2012-02-07,0.469
2012-02-08,0.4758
2012-02-09,0.4595
2012-02-10,0.4501
2012-02-11,0.5011
2012-02-12,0.4657
2012-02-13,0.4515
2012-02-14,0.4794
2012-02-15,0.4894
2012-02-16,0.4331
2012-02-17,0.4355
2012-02-18,0.4511
2012-02-19,0.4688
2012-02-20,0.4324
2012-02-21,0.4802
2012-02-22,0.4592
2012-02-23,0.488
2012-02-24,0.4558
2012-02-25,0.4631
2012-02-26,0.4698
2012-02-27,0.4443
2012-02-28,0.4516
2012-02-29,0.4661
2012-03-01,0.4387
2012-03-02,0.4419
2012-03-03,0.5252
2012-03-04,0.5275
2012-03-05,0.5309
2012-03-06,0.5344
2012-03-07,0.488
2012-03-08,0.469
2012-03-09,0.5208
2012-03-10,0.4909
2012-03-11,0.4867
2012-03-12,0.4526
2012-03-13,0.4564
2012-03-14,0.4895
2012-03-15,0.4589
2012-03-16,0.4951
2012-03-17,0.4484
2012-03-18,0.4931
2012-03-19,0.4393
2012-03-20,0.433
2012-03-21,0.4564
2012-03-22,0.4474
2012-03-23,0.5278
2012-03-24,0.5453
2012-03-25,0.5419
2012-03-26,0.4954
2012-03-27,0.5297
2012-03-28,0.5347
2012-03-29,0.5267
2012-03-30,0.4942
2012-03-31,0.4834
2012-04-01,0.4876
2012-04-02,0.4909
2012-04-03,0.464
2012-04-04,0.4482
2012-04-05,0.4792
2012-04-06,0.4786
2012-04-07,0.4722
2012-04-08,0.4432
2012-04-09,0.4769
2012-04-10,0.523
2012-04-11,0.5309
2012-04-12,0.5353
2012-04-13,0.4999
2012-04-14,0.4746
2012-04-15,0.4767
2012-04-16,0.5142
2012-04-17,0.5309
2012-04-18,0.4769
2012-04-19,0.5054
2012-04-20,0.4962
2012-04-21,0.5037
2012-04-22,0.4936
2012-04-23,0.4757
2012-04-24,0.5077
2012-04-25,0.511
2012-04-26,0.6082
2012-04-27,0.6289
2012-04-28,0.6207
2012-04-29,0.6015
2012-04-30,0.5825
2012-05-01,0.5354
2012-05-02,0.5616
2012-05-03,0.5665
2012-05-04,0.5364
2012-05-05,0.5561
2012-05-06,0.5308
2012-05-07,0.5005
2012-05-08,0.5367
2012-05-09,0.4929
2012-05-10,0.5705
2012-05-11,0.5309
2012-05-12,0.5186
2012-05-13,0.5445
2012-05-14,0.5143
2012-05-15,0.5113
2012-05-16,0.5063
2012-05-17,0.5127
2012-05-18,0.5332
2012-05-19,0.5216
2012-05-20,0.525
2012-05-21,0.5834
2012-05-22,0.6109
2012-05-23,0.6298
2012-05-24,0.5954
2012-05-25,0.5872
2012-05-26,0.6182
2012-05-27,0.5762
2012-05-28,0.6503
2012-05-29,0.5804
2012-05-30,0.7121
2012-05-31,0.6748
2012-06-01,0.6629
2012-06-02,0.65
2012-06-03,0.6478
2012-06-04,0.6127
2012-06-05,0.665
2012-06-06,0.6281
2012-06-07,0.6158
2012-06-08,0.6403
2012-06-09,0.631
2012-06-10,0.6027
2012-06-11,0.792
2012-06-12,0.723
2012-06-13,0.6938
2012-06-14,0.7225
2012-06-15,0.6917
2012-06-16,0.6961
2012-06-17,0.7213
2012-06-18,0.6705
2012-06-19,0.7058
2012-06-20,0.6079
2012-06-21,0.6354
2012-06-22,0.648
2012-06-23,0.6497
2012-06-24,0.7185
2012-06-25,0.6601
2012-06-26,0.7301
2012-06-27,0.7207
2012-06-28,0.7379
2012-06-29,0.7033
2012-06-30,0.6914
2012-07-01,0.745
2012-07-02,0.7984
2012-07-03,0.7392
2012-07-04,0.7493
2012-07-05,0.7977
2012-07-06,0.7844
2012-07-07,0.8279
2012-07-08,0.8491
2012-07-09,0.8638
2012-07-10,0.8418
2012-07-11,0.8488
2012-07-12,0.8367
2012-07-13,0.7952
2012-07-14,0.8331
2012-07-15,0.8305
2012-07-16,0.8139
2012-07-17,0.7641
2012-07-18,0.7366
2012-07-19,0.7951
2012-07-20,0.844
2012-07-21,0.8172
2012-07-22,0.8062
2012-07-23,0.8049
2012-07-24,0.79
2012-07-25,0.8029
2012-07-26,0.8188
2012-07-27,0.8211
2012-07-28,0.7973
2012-07-29,0.7665
2012-07-30,0.792
2012-07-31,0.8206
2012-08-01,0.8142
2012-08-02,0.774
2012-08-03,0.7494
2012-08-04,0.729
2012-08-05,0.7427
2012-08-06,0.7405
2012-08-07,0.6687
2012-08-08,0.6596
2012-08-09,0.6456
2012-08-10,0.7265
2012-08-11,0.7293
2012-08-12,0.7434
2012-08-13,0.717
2012-08-14,0.8006
2012-08-15,0.7958
2012-08-16,0.8014
2012-08-17,0.8091
2012-08-18,0.8685
2012-08-19,0.8665
2012-08-20,0.8382
2012-08-21,0.8286
2012-08-22,0.8038
2012-08-23,0.8266
2012-08-24,0.7753
2012-08-25,0.7886
2012-08-26,0.7678
2012-08-27,0.7459
2012-08-28,0.7673
2012-08-29,0.7116
2012-08-30,0.705
2012-08-31,0.6966
2012-09-01,0.6478
2012-09-02,0.6217
2012-09-03,0.6375
2012-09-04,0.6001
2012-09-05,0.5823
2012-09-06,0.5737
2012-09-07,0.6285
2012-09-08,0.6358
2012-09-09,0.7092
2012-09-10,0.6891
2012-09-11,0.6799
2012-09-12,0.7448
2012-09-13,0.7114
2012-09-14,0.6872
2012-09-15,0.6952
2012-09-16,0.6534
2012-09-17,0.6316
2012-09-18,0.6283
2012-09-19,0.6156
2012-09-20,0.6496
2012-09-21,0.6365
2012-09-22,0.6346
2012-09-23,0.6127
2012-09-24,0.6854
2012-09-25,0.6725
2012-09-26,0.6646
2012-09-27,0.6707
2012-09-28,0.718
2012-09-29,0.675
2012-09-30,0.7075
2012-10-01,0.7016
2012-10-02,0.7483
2012-10-03,0.7183
2012-10-04,0.7368
2012-10-05,0.7702
2012-10-06,0.7405
2012-10-07,0.7555
2012-10-08,0.7628
2012-10-09,0.7011
2012-10-10,0.7439
2012-10-11,0.7397
2012-10-12,0.6988
2012-10-13,0.6829
2012-10-14,0.6754
2012-10-15,0.649
2012-10-16,0.681
2012-10-17,0.6898
2012-10-18,0.6268
2012-10-19,0.6236
2012-10-20,0.6085
2012-10-21,0.6009
2012-10-22,0.603
2012-10-23,0.6145
2012-10-24,0.5976
2012-10-25,0.6121
2012-10-26,0.5194
2012-10-27,0.5277
2012-10-28,0.5832
2012-10-29,0.5301
2012-10-30,0.5254
2012-10-31,0.5101
2012-11-01,0.4994
2012-11-02,0.5314
2012-11-03,0.5146
2012-11-04,0.4949
2012-11-05,0.5035
2012-11-06,0.4968
2012-11-07,0.5049
2012-11-08,0.5
2012-11-09,0.4922
2012-11-10,0.4795
2012-11-11,0.4858
2012-11-12,0.4753
2012-11-13,0.4529
2012-11-14,0.4745
2012-11-15,0.4414
2012-11-16,0.4698
2012-11-17,0.4522
2012-11-18,0.4981
2012-11-19,0.4763
2012-11-20,0.4571
2012-11-21,0.4553
2012-11-22,0.4803
2012-11-23,0.4611
2012-11-24,0.5066
2012-11-25,0.5027
2012-11-26,0.4862
2012-11-27,0.463
2012-11-28,0.4829
2012-11-29,0.4625
2012-11-30,0.4308
2012-12-01,0.4467
2012-12-02,0.4868
2012-12-03,0.4597
2012-12-04,0.4519
2012-12-05,0.488
2012-12-06,0.4714
2012-12-07,0.4744
2012-12-08,0.4665
2012-12-09,0.4332
2012-12-10,0.4565
2012-12-11,0.427
2012-12-12,0.4784
2012-12-13,0.44
2012-12-14,0.4995
2012-12-15,0.4297
2012-12-16,0.4328
2012-12-17,0.4748
2012-12-18,0.417
2012-12-19,0.4505
2012-12-20,0.4777
2012-12-21,0.5245
2012-12-22,0.4763
2012-12-23,0.476
2012-12-24,0.4646
2012-12-25,0.4611
2012-12-26,0.4487
2012-12-27,0.5159
2012-12-28,0.4942
2012-12-29,0.5063
2012-12-30,0.4707
2012-12-31,0.5132
2013-01-01,0.497
2013-01-02,0.4865
2013-01-03,0.4902
2013-01-04,0.5118
2013-01-05,0.4288
2013-01-06,0.4962
2013-01-07,0.4671
2013-01-08,0.4794
2013-01-09,0.4944
2013-01-10,0.4966
2013-01-11,0.4512
2013-01-12,0.5003
2013-01-13,0.4594
2013-01-14,0.5002
2013-01-15,0.4663
2013-01-16,0.5275
2013-01-17,0.4413
2013-01-18,0.469
2013-01-19,0.4938
2013-01-20,0.4478
2013-01-21,0.4688
2013-01-22,0.4144
2013-01-23,0.4239
2013-01-24,0.4293
2013-01-25,0.4502
2013-01-26,0.4253
2013-01-27,0.4621
2013-01-28,0.4476
2013-01-29,0.3961
2013-01-30,0.4655
2013-01-31,0.4765
2013-02-01,0.468
2013-02-02,0.4682
2013-02-03,0.4431
2013-02-04,0.4443
2013-02-05,0.4534
2013-02-06,0.4554
2013-02-07,0.4679
2013-02-08,0.4901
2013-02-09,0.4757
2013-02-10,0.4456
2013-02-11,0.4004
2013-02-12,0.4164
2013-02-13,0.4557
2013-02-14,0.4263
2013-02-15,0.4886
2013-02-16,0.4413
2013-02-17,0.4442
2013-02-18,0.4577
2013-02-19,0.4369
2013-02-20,0.4457
2013-02-21,0.4761
2013-02-22,0.4737
2013-02-23,0.5052
2013-02-24,0.4972
2013-02-25,0.5107
2013-02-26,0.445
2013-02-27,0.4751
2013-02-28,0.4591
2013-03-01,0.4697
2013-03-02,0.4769
2013-03-03,0.4799
2013-03-04,0.4786
2013-03-05,0.4879
2013-03-06,0.4789
2013-03-07,0.5425
2013-03-08,0.4825
2013-03-09,0.4829
2013-03-10,0.5021
2013-03-11,0.5069
2013-03-12,0.4575
2013-03-13,0.4454
2013-03-14,0.4999
2013-03-15,0.4837
2013-03-16,0.499
2013-03-17,0.4999
2013-03-18,0.4884
2013-03-19,0.4602
2013-03-20,0.4917
2013-03-21,0.464
2013-03-22,0.4861
2013-03-23,0.438
2013-03-24,0.4751
2013-03-25,0.4633
2013-03-26,0.4557
2013-03-27,0.4747
2013-03-28,0.4673
2013-03-29,0.4616
2013-03-30,0.4655
2013-03-31,0.4631
2013-04-01,0.484
2013-04-02,0.4534
2013-04-03,0.4495
2013-04-04,0.4716
2013-04-05,0.4737
2013-04-06,0.4499
2013-04-07,0.4436
2013-04-08,0.4398
2013-04-09,0.4514
2013-04-10,0.447
2013-04-11,0.5186
2013-04-12,0.4564
2013-04-13,0.5279
2013-04-14,0.5458
2013-04-15,0.5226
2013-04-16,0.5114
2013-04-17,0.5348
2013-04-18,0.5242
2013-04-19,0.52
2013-04-20,0.4823
2013-04-21,0.5021
2013-04-22,0.4973
2013-04-23,0.4678
2013-04-24,0.4956
2013-04-25,0.5558
2013-04-26,0.5311
2013-04-27,0.5366
2013-04-28,0.5316
2013-04-29,0.5204
2013-04-30,0.5095
2013-05-01,0.4696
2013-05-02,0.4959
2013-05-03,0.4945
2013-05-04,0.4521
2013-05-05,0.4997
2013-05-06,0.4813
2013-05-07,0.4937
2013-05-08,0.4838
2013-05-09,0.4831
2013-05-10,0.4748
2013-05-11,0.4989
2013-05-12,0.5269
2013-05-13,0.5272
2013-05-14,0.5968
2013-05-15,0.5851
2013-05-16,0.592
2013-05-17,0.5826
2013-05-18,0.5627
2013-05-19,0.5294
2013-05-20,0.5299
2013-05-21,0.5419
2013-05-22,0.5604
2013-05-23,0.505
2013-05-24,0.498
2013-05-25,0.4926
2013-05-26,0.4977
2013-05-27,0.5242
2013-05-28,0.4908
2013-05-29,0.4889
2013-05-30,0.4845
2013-05-31,0.5218
2013-06-01,0.6502
2013-06-02,0.6571
2013-06-03,0.642
2013-06-04,0.6613
2013-06-05,0.8032
2013-06-06,0.7729
2013-06-07,0.7989
2013-06-08,0.7587
2013-06-09,0.7505
2013-06-10,0.7352
2013-06-11,0.751
2013-06-12,0.7093
2013-06-13,0.68
2013-06-14,0.7545
2013-06-15,0.7159
2013-06-16,0.7016
2013-06-17,0.6723
2013-06-18,0.6895
2013-06-19,0.6481
2013-06-20,0.6603
2013-06-21,0.6172
2013-06-22,0.6614
2013-06-23,0.5935
2013-06-24,0.6514
2013-06-25,0.6671
2013-06-26,0.5715
2013-06-27,0.7151
2013-06-28,0.6898
2013-06-29,0.6666
2013-06-30,0.6266
2013-07-01,0.8361
2013-07-02,0.8526
2013-07-03,0.7993
2013-07-04,0.7965
2013-07-05,0.7899
2013-07-06,0.7961
2013-07-07,0.8114
2013-07-08,0.8345
2013-07-09,0.822
2013-07-10,0.8473
2013-07-11,0.8266
2013-07-12,0.8091
2013-07-13,0.7605
2013-07-14,0.8085
2013-07-15,0.8418
2013-07-16,0.8118
2013-07-17,0.8254
2013-07-18,0.7902
2013-07-19,0.7466
2013-07-20,0.7507
2013-07-21,0.7524
2013-07-22,0.7754
2013-07-23,0.7003
2013-07-24,0.7731
2013-07-25,0.8264
2013-07-26,0.7646
2013-07-27,0.7395
2013-07-28,0.7578
2013-07-29,0.7539
2013-07-30,0.7466
2013-07-31,0.7978
2013-08-01,0.7974
2013-08-02,0.7608
2013-08-03,0.7527
2013-08-04,0.7405
2013-08-05,0.734
2013-08-06,0.7642
2013-08-07,0.7839
2013-08-08,0.8061
2013-08-09,0.7736
2013-08-10,0.7128
2013-08-11,0.8206
2013-08-12,0.7869
2013-08-13,0.8453
2013-08-14,0.8219
2013-08-15,0.792
2013-08-16,0.7807
2013-08-17,0.7615
2013-08-18,0.7154
2013-08-19,0.7301
2013-08-20,0.7206
2013-08-21,0.7774
2013-08-22,0.7235
2013-08-23,0.7244
2013-08-24,0.7079
2013-08-25,0.7054
2013-08-26,0.7396
2013-08-27,0.7834
2013-08-28,0.7657
2013-08-29,0.8093
2013-08-30,0.8352
2013-08-31,0.7712
2013-09-01,0.7159
2013-09-02,0.7497
2013-09-03,0.7293
2013-09-04,0.7249
2013-09-05,0.7681
2013-09-06,0.7387
2013-09-07,0.7864
2013-09-08,0.769
2013-09-09,0.7348
2013-09-10,0.7386
2013-09-11,0.7223
2013-09-12,0.6954
2013-09-13,0.7031
2013-09-14,0.7052
2013-09-15,0.6945
2013-09-16,0.6405
2013-09-17,0.645
2013-09-18,0.6015
2013-09-19,0.6224
2013-09-20,0.6191
2013-09-21,0.6442
2013-09-22,0.5881
2013-09-23,0.5726
2013-09-24,0.553
2013-09-25,0.6008
2013-09-26,0.6238
2013-09-27,0.624
2013-09-28,0.5682
2013-09-29,0.5457
2013-09-30,0.5459
2013-10-01,0.5199
2013-10-02,0.536
2013-10-03,0.5609
2013-10-04,0.5788
2013-10-05,0.615
2013-10-06,0.609
2013-10-07,0.5595
2013-10-08,0.5726
2013-10-09,0.6021
2013-10-10,0.623
2013-10-11,0.6039
2013-10-12,0.5844
2013-10-13,0.5387
2013-10-14,0.5601
2013-10-15,0.566
2013-10-16,0.5401
2013-10-17,0.5563
2013-10-18,0.5409
2013-10-19,0.5375
2013-10-20,0.5454
2013-10-21,0.5505
2013-10-22,0.5185
2013-10-23,0.5128
2013-10-24,0.5273
2013-10-25,0.4852
2013-10-26,0.4689
2013-10-27,0.5099
2013-10-28,0.513
2013-10-29,0.5008
2013-10-30,0.528
2013-10-31,0.4831
2013-11-01,0.4431
2013-11-02,0.4648
2013-11-03,0.4307
2013-11-04,0.465
2013-11-05,0.4717
2013-11-06,0.4964
2013-11-07,0.5003
2013-11-08,0.4667
2013-11-09,0.4894
2013-11-10,0.4763
2013-11-11,0.4487
2013-11-12,0.4463
2013-11-13,0.424
2013-11-14,0.4507
2013-11-15,0.4502
2013-11-16,0.4382
2013-11-17,0.4533
2013-11-18,0.4917
2013-11-19,0.5472
2013-11-20,0.4738
2013-11-21,0.5186
2013-11-22,0.481
2013-11-23,0.4819
2013-11-24,0.4925
2013-11-25,0.44
2013-11-26,0.4673
2013-11-27,0.4883
2013-11-28,0.4437
2013-11-29,0.4608
2013-11-30,0.4343
2013-12-01,0.4711
2013-12-02,0.4478
2013-12-03,0.4758
2013-12-04,0.4668
2013-12-05,0.4834
2013-12-06,0.5002
2013-12-07,0.439
2013-12-08,0.4539
2013-12-09,0.4509
2013-12-10,0.5304
2013-12-11,0.4863
2013-12-12,0.47
2013-12-13,0.4513
2013-12-14,0.488
2013-12-15,0.4522
2013-12-16,0.4588
2013-12-17,0.4868
2013-12-18,0.4724
2013-12-19,0.4715
2013-12-20,0.4751
2013-12-21,0.4483
2013-12-22,0.4392
2013-12-23,0.4519
2013-12-24,0.4404
2013-12-25,0.4766
2013-12-26,0.4681
2013-12-27,0.4567
2013-12-28,0.4619
2013-12-29,0.4473
2013-12-30,0.4497
2013-12-31,0.4718
2014-01-01,0.4225
2014-01-02,0.4582
2014-01-03,0.4753
2014-01-04,0.4346
2014-01-05,0.5037
2014-01-06,0.5009
2014-01-07,0.4902
2014-01-08,0.5068
2014-01-09,0.4934
2014-01-10,0.4846
2014-01-11,0.4737
2014-01-12,0.4543
2014-01-13,0.4867
2014-01-14,0.467
2014-01-15,0.4558
2014-01-16,0.4615
2014-01-17,0.5014
2014-01-18,0.4495
2014-01-19,0.4807
2014-01-20,0.4395
2014-01-21,0.4392
2014-01-22,0.4903
2014-01-23,0.4587
2014-01-24,0.4793
2014-01-25,0.5063
2014-01-26,0.4361
2014-01-27,0.4659
2014-01-28,0.4715
2014-01-29,0.4538
2014-01-30,0.4772
2014-01-31,0.4684
2014-02-01,0.4571
2014-02-02,0.4693
2014-02-03,0.4534
2014-02-04,0.422
2014-02-05,0.4649
2014-02-06,0.4904
2014-02-07,0.5139
2014-02-08,0.4977
2014-02-09,0.461
2014-02-10,0.4704
2014-02-11,0.4955
2014-02-12,0.4828
2014-02-13,0.4992
2014-02-14,0.4653
2014-02-15,0.4365
2014-02-16,0.4384
2014-02-17,0.4729
2014-02-18,0.4788
2014-02-19,0.4602
2014-02-20,0.4689
2014-02-21,0.4651
2014-02-22,0.4749
2014-02-23,0.4412
2014-02-24,0.4389
2014-02-25,0.4889
2014-02-26,0.5014
2014-02-27,0.4977
2014-02-28,0.4621
2014-03-01,0.5557
2014-03-02,0.5545
2014-03-03,0.5203
2014-03-04,0.5328
2014-03-05,0.5309
2014-03-06,0.5466
2014-03-07,0.5112
2014-03-08,0.5288
2014-03-09,0.4897
2014-03-10,0.4801
2014-03-11,0.523
2014-03-12,0.501
2014-03-13,0.4812
2014-03-14,0.5109
2014-03-15,0.4449
2014-03-16,0.4986
2014-03-17,0.4873
2014-03-18,0.4679
2014-03-19,0.4773
2014-03-20,0.4948
2014-03-21,0.5257
2014-03-22,0.521
2014-03-23,0.5204
2014-03-24,0.5321
2014-03-25,0.4862
2014-03-26,0.5102
2014-03-27,0.465
2014-03-28,0.5182
2014-03-29,0.4963
2014-03-30,0.4689
2014-03-31,0.4887
2014-04-01,0.4837
2014-04-02,0.5291
2014-04-03,0.5027
2014-04-04,0.5308
2014-04-05,0.5167
2014-04-06,0.5074
2014-04-07,0.5081
2014-04-08,0.4863
2014-04-09,0.4949
2014-04-10,0.4964
2014-04-11,0.4685
2014-04-12,0.5231
2014-04-13,0.5621
2014-04-14,0.508
2014-04-15,0.5155
2014-04-16,0.4877
2014-04-17,0.4742
2014-04-18,0.5202
2014-04-19,0.5134
2014-04-20,0.4655
2014-04-21,0.4407
2014-04-22,0.4637
2014-04-23,0.5225
2014-04-24,0.4854
2014-04-25,0.4737
2014-04-26,0.4975
2014-04-27,0.4989
2014-04-28,0.4909
2014-04-29,0.5097
2014-04-30,0.4912
2014-05-01,0.5055
2014-05-02,0.5266
2014-05-03,0.557
2014-05-04,0.5623
2014-05-05,0.5399
2014-05-06,0.5378
2014-05-07,0.5338
2014-05-08,0.548
2014-05-09,0.5484
2014-05-10,0.5108
2014-05-11,0.5039
2014-05-12,0.5977
2014-05-13,0.552
2014-05-14,0.5566
2014-05-15,0.5314
2014-05-16,0.5039
2014-05-17,0.532
2014-05-18,0.5014
2014-05-19,0.5155
2014-05-20,0.5037
2014-05-21,0.501
2014-05-22,0.4884
2014-05-23,0.4703
2014-05-24,0.4982
2014-05-25,0.4998
2014-05-26,0.6676
2014-05-27,0.675
2014-05-28,0.6555
2014-05-29,0.6146
2014-05-30,0.6117
2014-05-31,0.5991
2014-06-01,0.5978
2014-06-02,0.5582
2014-06-03,0.5945
2014-06-04,0.5496
2014-06-05,0.5824
2014-06-06,0.5308
2014-06-07,0.5745
2014-06-08,0.5458
2014-06-09,0.6945
2014-06-10,0.668
2014-06-11,0.6666
2014-06-12,0.6773
2014-06-13,0.6973
2014-06-14,0.6939
2014-06-15,0.6494
2014-06-16,0.6247
2014-06-17,0.6792
2014-06-18,0.6355
2014-06-19,0.6176
2014-06-20,0.7704
2014-06-21,0.8306
2014-06-22,0.8041
2014-06-23,0.8103
2014-06-24,0.824
2014-06-25,0.8486
2014-06-26,0.8495
2014-06-27,0.801
2014-06-28,0.7836
2014-06-29,0.7991
2014-06-30,0.7527
2014-07-01,0.7936
2014-07-02,0.8048
2014-07-03,0.8318
2014-07-04,0.8439
2014-07-05,0.8256
2014-07-06,0.8225
2014-07-07,0.8071
2014-07-08,0.8349
2014-07-09,0.8265
2014-07-10,0.819
2014-07-11,0.8217
2014-07-12,0.8135
2014-07-13,0.8311
2014-07-14,0.855
2014-07-15,0.8468
2014-07-16,0.8562
2014-07-17,0.7734
2014-07-18,0.8264
2014-07-19,0.8424
2014-07-20,0.8119
2014-07-21,0.7722
2014-07-22,0.7498
2014-07-23,0.7975
2014-07-24,0.7719
2014-07-25,0.8456
2014-07-26,0.7907
2014-07-27,0.7924
2014-07-28,0.7432
2014-07-29,0.7571
2014-07-30,0.7876
2014-07-31,0.7441
2014-08-01,0.7668
2014-08-02,0.7985
2014-08-03,0.7681
2014-08-04,0.8881
2014-08-05,0.8561
2014-08-06,0.8547
2014-08-07,0.8548
2014-08-08,0.8189
2014-08-09,0.7971
2014-08-10,0.8098
2014-08-11,0.7608
2014-08-12,0.8082
2014-08-13,0.7925
2014-08-14,0.7853
2014-08-15,0.773
2014-08-16,0.7451
2014-08-17,0.6923
2014-08-18,0.7317
2014-08-19,0.7903
2014-08-20,0.7634
2014-08-21,0.7447
2014-08-22,0.6879
2014-08-23,0.7535
2014-08-24,0.7196
2014-08-25,0.7834
2014-08-26,0.7181
2014-08-27,0.8299
2014-08-28,0.832
2014-08-29,0.8411
2014-08-30,0.8554
2014-08-31,0.8402
2014-09-01,0.855
2014-09-02,0.8498
2014-09-03,0.8208
2014-09-04,0.8117
2014-09-05,0.771
2014-09-06,0.7823
2014-09-07,0.7863
2014-09-08,0.725
2014-09-09,0.7948
2014-09-10,0.7912
2014-09-11,0.756
2014-09-12,0.7678
2014-09-13,0.6921
2014-09-14,0.7305
2014-09-15,0.7254
2014-09-16,0.7476
2014-09-17,0.7097
2014-09-18,0.6898
2014-09-19,0.6995
2014-09-20,0.6497
2014-09-21,0.6838
2014-09-22,0.6816
2014-09-23,0.6071
2014-09-24,0.6425
2014-09-25,0.6335
2014-09-26,0.5918
2014-09-27,0.6371
2014-09-28,0.621
2014-09-29,0.5898
2014-09-30,0.5876
2014-10-01,0.5672
2014-10-02,0.5871
2014-10-03,0.5867
2014-10-04,0.5559
2014-10-05,0.5308
2014-10-06,0.5834
2014-10-07,0.5811
2014-10-08,0.5705
2014-10-09,0.5467
2014-10-10,0.5876
2014-10-11,0.5201
2014-10-12,0.5616
2014-10-13,0.5745
2014-10-14,0.5217
2014-10-15,0.5647
2014-10-16,0.529
2014-10-17,0.5435
2014-10-18,0.53
2014-10-19,0.4954
2014-10-20,0.5162
2014-10-21,0.5639
2014-10-22,0.5729
2014-10-23,0.5517
2014-10-24,0.5285
2014-10-25,0.6062
2014-10-26,0.6788
2014-10-27,0.6347
2014-10-28,0.6037
2014-10-29,0.5969
2014-10-30,0.5835
2014-10-31,0.56
2014-11-01,0.5283
2014-11-02,0.5352
2014-11-03,0.5735
2014-11-04,0.5575
2014-11-05,0.5352
2014-11-06,0.5276
2014-11-07,0.5476
2014-11-08,0.5341
2014-11-09,0.4979
2014-11-10,0.4983
2014-11-11,0.5064
2014-11-12,0.4764
2014-11-13,0.4934
2014-11-14,0.4904
2014-11-15,0.522
2014-11-16,0.5164
2014-11-17,0.5123
2014-11-18,0.5039
2014-11-19,0.4978
2014-11-20,0.5283
2014-11-21,0.515
2014-11-22,0.5646
2014-11-23,0.5409
2014-11-24,0.5398
2014-11-25,0.5286
2014-11-26,0.5302
2014-11-27,0.5203
2014-11-28,0.4951
2014-11-29,0.5307
2014-11-30,0.4732
2014-12-01,0.4918
2014-12-02,0.4955
2014-12-03,0.4856
2014-12-04,0.5008
2014-12-05,0.5453
2014-12-06,0.5582
2014-12-07,0.4897
2014-12-08,0.5228
2014-12-09,0.5248
2014-12-10,0.5084
2014-12-11,0.4649
2014-12-12,0.513
2014-12-13,0.5045
2014-12-14,0.4613
2014-12-15,0.4948
2014-12-16,0.4454
2014-12-17,0.4895
2014-12-18,0.4755
2014-12-19,0.4702
2014-12-20,0.4689
2014-12-21,0.4556
2014-12-22,0.4547
2014-12-23,0.4773
2014-12-24,0.4274
2014-12-25,0.4741
2014-12-26,0.4637
2014-12-27,0.4865
2014-12-28,0.4699
2014-12-29,0.5007
2014-12-30,0.5048
2014-12-31,0.4614
2015-01-01,0.4798
2015-01-02,0.4495
2015-01-03,0.473
2015-01-04,0.4689
2015-01-05,0.4548
2015-01-06,0.4819
2015-01-07,0.4494
2015-01-08,0.4652
2015-01-09,0.4864
2015-01-10,0.4606
2015-01-11,0.451
2015-01-12,0.462
2015-01-13,0.4474
2015-01-14,0.4893
2015-01-15,0.4692
2015-01-16,0.5817
2015-01-17,0.5648
2015-01-18,0.5412
2015-01-19,0.5601
2015-01-20,0.5276
2015-01-21,0.5373
2015-01-22,0.508
2015-01-23,0.4963
2015-01-24,0.5274
2015-01-25,0.5024
2015-01-26,0.5111
2015-01-27,0.5321
2015-01-28,0.4627
2015-01-29,0.5217
2015-01-30,0.4954
2015-01-31,0.4647
2015-02-01,0.4605
2015-02-02,0.4704
2015-02-03,0.4866
2015-02-04,0.4468
2015-02-05,0.4902
2015-02-06,0.4702
2015-02-07,0.474
2015-02-08,0.4569
2015-02-09,0.4601
2015-02-10,0.4768
2015-02-11,0.4753
2015-02-12,0.4427
2015-02-13,0.4428
2015-02-14,0.4495
2015-02-15,0.5004
2015-02-16,0.4553
2015-02-17,0.4894
2015-02-18,0.4618
2015-02-19,0.4963
2015-02-20,0.478
2015-02-21,0.4668
2015-02-22,0.4582
2015-02-23,0.4755
2015-02-24,0.4829
2015-02-25,0.4468
2015-02-26,0.4642
2015-02-27,0.4292
2015-02-28,0.4323
2015-03-01,0.4742
2015-03-02,0.5099
2015-03-03,0.486
2015-03-04,0.4688
2015-03-05,0.5098
2015-03-06,0.4523
2015-03-07,0.458
2015-03-08,0.4606
2015-03-09,0.4609
2015-03-10,0.4651
2015-03-11,0.4548
2015-03-12,0.4734
2015-03-13,0.4581
2015-03-14,0.4583
2015-03-15,0.4452
2015-03-16,0.4449
2015-03-17,0.4683
2015-03-18,0.4523
2015-03-19,0.4563
2015-03-20,0.4451
2015-03-21,0.4211
2015-03-22,0.4453
2015-03-23,0.4004
2015-03-24,0.4552
2015-03-25,0.5007
2015-03-26,0.4576
2015-03-27,0.448
2015-03-28,0.4537
2015-03-29,0.4747
2015-03-30,0.4654
2015-03-31,0.4638
2015-04-01,0.4285
2015-04-02,0.4656
2015-04-03,0.4561
2015-04-04,0.4619
2015-04-05,0.4707
2015-04-06,0.4733
2015-04-07,0.4585
2015-04-08,0.4347
2015-04-09,0.4687
2015-04-10,0.4645
2015-04-11,0.4569
2015-04-12,0.4762
2015-04-13,0.4306
2015-04-14,0.454
2015-04-15,0.469
2015-04-16,0.441
2015-04-17,0.4545
2015-04-18,0.45
2015-04-19,0.4598
2015-04-20,0.4699
2015-04-21,0.5191
2015-04-22,0.4519
2015-04-23,0.4782
2015-04-24,0.461
2015-04-25,0.491
2015-04-26,0.4402
2015-04-27,0.4451
2015-04-28,0.4823
2015-04-29,0.4474
2015-04-30,0.4549
2015-05-01,0.457
2015-05-02,0.4725
2015-05-03,0.4754
2015-05-04,0.4265
2015-05-05,0.4638
2015-05-06,0.4929
2015-05-07,0.5076
2015-05-08,0.489
2015-05-09,0.4494
2015-05-10,0.4917
2015-05-11,0.4565
2015-05-12,0.4726
2015-05-13,0.4762
2015-05-14,0.5477
2015-05-15,0.558
2015-05-16,0.5355
2015-05-17,0.5202
2015-05-18,0.5062
2015-05-19,0.5054
2015-05-20,0.4916
2015-05-21,0.5386
2015-05-22,0.5713
2015-05-23,0.5706
2015-05-24,0.5357
2015-05-25,0.5018
2015-05-26,0.5455
2015-05-27,0.5826
2015-05-28,0.5515
2015-05-29,0.5915
2015-05-30,0.5875
2015-05-31,0.5444
2015-06-01,0.6079
2015-06-02,0.6791
2015-06-03,0.6543
2015-06-04,0.6472
2015-06-05,0.6864
2015-06-06,0.6913
2015-06-07,0.7777
2015-06-08,0.7559
2015-06-09,0.7459
2015-06-10,0.7243
2015-06-11,0.7521
2015-06-12,0.7659
2015-06-13,0.7036
2015-06-14,0.7526
2015-06-15,0.7425
2015-06-16,0.8153
2015-06-17,0.7958
2015-06-18,0.8052
2015-06-19,0.8051
2015-06-20,0.7748
2015-06-21,0.7746
2015-06-22,0.7803
2015-06-23,0.8305
2015-06-24,0.8092
2015-06-25,0.8019
2015-06-26,0.791
2015-06-27,0.7909
2015-06-28,0.8353
2015-06-29,0.7651
2015-06-30,0.7835
2015-07-01,0.7532
2015-07-02,0.8258
2015-07-03,0.7944
2015-07-04,0.7852
2015-07-05,0.8142
2015-07-06,0.7774
2015-07-07,0.7778
2015-07-08,0.763
2015-07-09,0.7918
2015-07-10,0.8267
2015-07-11,0.7966
2015-07-12,0.8069
2015-07-13,0.8046
2015-07-14,0.7745
2015-07-15,0.8661
2015-07-16,0.8714
2015-07-17,0.8321
2015-07-18,0.8369
2015-07-19,0.773
2015-07-20,0.8383
2015-07-21,0.7732
2015-07-22,0.7874
2015-07-23,0.7312
2015-07-24,0.7462
2015-07-25,0.7538
2015-07-26,0.7771
2015-07-27,0.7197
2015-07-28,0.7572
2015-07-29,0.7379
2015-07-30,0.88
2015-07-31,0.8275
2015-08-01,0.8061
2015-08-02,0.7764
2015-08-03,0.7593
2015-08-04,0.7545
2015-08-05,0.7796
2015-08-06,0.7369
2015-08-07,0.7685
2015-08-08,0.7862
2015-08-09,0.7585
2015-08-10,0.7953
2015-08-11,0.8026
2015-08-12,0.766
2015-08-13,0.7689
2015-08-14,0.8387
2015-08-15,0.8288
2015-08-16,0.8544
2015-08-17,0.8756
2015-08-18,0.9074
2015-08-19,0.8369
2015-08-20,0.8569
2015-08-21,0.8527
2015-08-22,0.8578
2015-08-23,0.8075
2015-08-24,0.814
2015-08-25,0.7558
2015-08-26,0.8522
2015-08-27,0.8268
2015-08-28,0.7673
2015-08-29,0.8259
2015-08-30,0.815
2015-08-31,0.8082
2015-09-01,0.7944
2015-09-02,0.8092
2015-09-03,0.7922
2015-09-04,0.7422
2015-09-05,0.7202
2015-09-06,0.7341
2015-09-07,0.6857
2015-09-08,0.6796
2015-09-09,0.7013
2015-09-10,0.7662
2015-09-11,0.7172
2015-09-12,0.7252
2015-09-13,0.7015
2015-09-14,0.6495
2015-09-15,0.6859
2015-09-16,0.6276
2015-09-17,0.645
2015-09-18,0.633
2015-09-19,0.6012
2015-09-20,0.5974
2015-09-21,0.627
2015-09-22,0.6006
2015-09-23,0.7068
2015-09-24,0.6813
2015-09-25,0.6751
2015-09-26,0.6469
2015-09-27,0.6279
2015-09-28,0.6522
2015-09-29,0.6936
2015-09-30,0.6288
2015-10-01,0.6252
2015-10-02,0.614
2015-10-03,0.5899
2015-10-04,0.6395
2015-10-05,0.6079
2015-10-06,0.5858
2015-10-07,0.5856
2015-10-08,0.5779
2015-10-09,0.5549
2015-10-10,0.5469
2015-10-11,0.5526
2015-10-12,0.5454
2015-10-13,0.5116
2015-10-14,0.5311
2015-10-15,0.4764
2015-10-16,0.502
2015-10-17,0.5225
2015-10-18,0.5395
2015-10-19,0.5061
2015-10-20,0.497
2015-10-21,0.5791
2015-10-22,0.5536
2015-10-23,0.5206
2015-10-24,0.5087
2015-10-25,0.4622
2015-10-26,0.516
2015-10-27,0.4796
2015-10-28,0.4975
2015-10-29,0.4597
2015-10-30,0.468
2015-10-31,0.5094
2015-11-01,0.4994
2015-11-02,0.677
2015-11-03,0.6227
2015-11-04,0.6286
2015-11-05,0.5888
2015-11-06,0.5662
2015-11-07,0.5535
2015-11-08,0.5499
2015-11-09,0.5539
2015-11-10,0.5777
2015-11-11,0.5268
2015-11-12,0.498
2015-11-13,0.5135
2015-11-14,0.4816
2015-11-15,0.5186
2015-11-16,0.4531
2015-11-17,0.4546
2015-11-18,0.5033
2015-11-19,0.5137
2015-11-20,0.5046
2015-11-21,0.5116
2015-11-22,0.5161
2015-11-23,0.5127
2015-11-24,0.4759
2015-11-25,0.4911
2015-11-26,0.4508
2015-11-27,0.4617
2015-11-28,0.467
2015-11-29,0.4779
2015-11-30,0.4914
2015-12-01,0.4692
2015-12-02,0.464
2015-12-03,0.4712
2015-12-04,0.4628
2015-12-05,0.4568
2015-12-06,0.4871
2015-12-07,0.4676
2015-12-08,0.5151
2015-12-09,0.4636
2015-12-10,0.4711
2015-12-11,0.4765
2015-12-12,0.4672
2015-12-13,0.479
2015-12-14,0.473
2015-12-15,0.532
2015-12-16,0.5468
2015-12-17,0.4974
2015-12-18,0.5065
2015-12-19,0.5087
2015-12-20,0.5211
2015-12-21,0.4675
2015-12-22,0.4891
2015-12-23,0.4784
2015-12-24,0.4918
2015-12-25,0.5032
2015-12-26,0.4597
2015-12-27,0.465
2015-12-28,0.4781
2015-12-29,0.5348
2015-12-30,0.4805
2015-12-31,0.569
2016-01-01,0.4976
2016-01-02,0.4913
2016-01-03,0.4965
2016-01-04,0.5025
2016-01-05,0.4869
2016-01-06,0.5063
2016-01-07,0.4817
2016-01-08,0.4762
2016-01-09,0.5529
2016-01-10,0.5597
2016-01-11,0.5746
2016-01-12,0.5383
2016-01-13,0.5862
2016-01-14,0.5541
2016-01-15,0.5751
2016-01-16,0.5313
2016-01-17,0.4841
2016-01-18,0.5075
2016-01-19,0.51
2016-01-20,0.5062
2016-01-21,0.5142
2016-01-22,0.4905
2016-01-23,0.4715
2016-01-24,0.4996
2016-01-25,0.4796
2016-01-26,0.5652
2016-01-27,0.588
2016-01-28,0.5824
2016-01-29,0.5581
2016-01-30,0.5407
2016-01-31,0.5613
2016-02-01,0.5314
2016-02-02,0.5045
2016-02-03,0.5302
2016-02-04,0.5105
2016-02-05,0.5106
2016-02-06,0.5255
2016-02-07,0.517
2016-02-08,0.5457
2016-02-09,0.5305
2016-02-10,0.5211
2016-02-11,0.5142
2016-02-12,0.4947
2016-02-13,0.4887
2016-02-14,0.5013
2016-02-15,0.4944
2016-02-16,0.5089
2016-02-17,0.471
2016-02-18,0.5002
2016-02-19,0.5147
2016-02-20,0.4483
2016-02-21,0.5011
2016-02-22,0.4798
2016-02-23,0.4673
2016-02-24,0.4676
2016-02-25,0.4856
2016-02-26,0.4541
2016-02-27,0.5026
2016-02-28,0.4882
2016-02-29,0.497
2016-03-01,0.4324
2016-03-02,0.4213
2016-03-03,0.4805
2016-03-04,0.4407
2016-03-05,0.5025
2016-03-06,0.4855
2016-03-07,0.4611
2016-03-08,0.4493
2016-03-09,0.4986
2016-03-10,0.4761
2016-03-11,0.4636
2016-03-12,0.4959
2016-03-13,0.4574
2016-03-14,0.4888
2016-03-15,0.4523
2016-03-16,0.4737
2016-03-17,0.4872
2016-03-18,0.4508
2016-03-19,0.4759
2016-03-20,0.4438
2016-03-21,0.481
2016-03-22,0.447
2016-03-23,0.4617
2016-03-24,0.4397
2016-03-25,0.4787
2016-03-26,0.523
2016-03-27,0.4484
2016-03-28,0.4508
2016-03-29,0.4488
2016-03-30,0.4362
2016-03-31,0.4283
2016-04-01,0.4727
2016-04-02,0.4218
2016-04-03,0.4833
2016-04-04,0.4367
2016-04-05,0.4378
2016-04-06,0.4409
2016-04-07,0.4329
2016-04-08,0.4502
2016-04-09,0.4437
2016-04-10,0.4227
2016-04-11,0.4521
2016-04-12,0.4419
2016-04-13,0.5656
2016-04-14,0.5556
2016-04-15,0.4951
2016-04-16,0.5194
2016-04-17,0.5608
2016-04-18,0.5334
2016-04-19,0.5233
2016-04-20,0.5303
2016-04-21,0.5197
2016-04-22,0.4884
2016-04-23,0.5072
2016-04-24,0.4999
2016-04-25,0.5083
2016-04-26,0.4856
2016-04-27,0.5456
2016-04-28,0.5608
2016-04-29,0.5615
2016-04-30,0.5773
2016-05-01,0.589
2016-05-02,0.5843
2016-05-03,0.5528
2016-05-04,0.528
2016-05-05,0.5564
2016-05-06,0.5783
2016-05-07,0.6061
2016-05-08,0.5478
2016-05-09,0.5344
2016-05-10,0.5152
2016-05-11,0.5909
2016-05-12,0.569
2016-05-13,0.5562
2016-05-14,0.5725
2016-05-15,0.5412
2016-05-16,0.5742
2016-05-17,0.5733
2016-05-18,0.5625
2016-05-19,0.5433
2016-05-20,0.5765
2016-05-21,0.5428
2016-05-22,0.5529
2016-05-23,0.5088
2016-05-24,0.5166
2016-05-25,0.5246
2016-05-26,0.6367
2016-05-27,0.6613
2016-05-28,0.6488
2016-05-29,0.6181
2016-05-30,0.6371
2016-05-31,0.6077
2016-06-01,0.6734
2016-06-02,0.6629
2016-06-03,0.6741
2016-06-04,0.7264
2016-06-05,0.7141
2016-06-06,0.742
2016-06-07,0.7053
2016-06-08,0.8207
2016-06-09,0.7831
2016-06-10,0.772
2016-06-11,0.7656
2016-06-12,0.7498
2016-06-13,0.7308
2016-06-14,0.7406
2016-06-15,0.7054
2016-06-16,0.7224
2016-06-17,0.7345
2016-06-18,0.6919
2016-06-19,0.8472
2016-06-20,0.8321
2016-06-21,0.8202
2016-06-22,0.8119
2016-06-23,0.7919
2016-06-24,0.7726
2016-06-25,0.7852
2016-06-26,0.7481
2016-06-27,0.7008
2016-06-28,0.6733
2016-06-29,0.7182
2016-06-30,0.6845
2016-07-01,0.6805
2016-07-02,0.7246
2016-07-03,0.7557
2016-07-04,0.7051
2016-07-05,0.6883
2016-07-06,0.7579
2016-07-07,0.7953
2016-07-08,0.8426
2016-07-09,0.7942
2016-07-10,0.7713
2016-07-11,0.8288
2016-07-12,0.8654
2016-07-13,0.7886
2016-07-14,0.8821
2016-07-15,0.881
2016-07-16,0.8881
2016-07-17,0.9156
2016-07-18,0.8726
2016-07-19,0.8896
2016-07-20,0.902
2016-07-21,0.8983
2016-07-22,0.8902
2016-07-23,0.8933
2016-07-24,0.8664
2016-07-25,0.9218
2016-07-26,0.8946
2016-07-27,0.9156
2016-07-28,0.8613
2016-07-29,0.8722
2016-07-30,0.8873
2016-07-31,0.8792
2016-08-01,0.8265
2016-08-02,0.8214
2016-08-03,0.7924
2016-08-04,0.8113
2016-08-05,0.8633
2016-08-06,0.7818
2016-08-07,0.832
2016-08-08,0.8437
2016-08-09,0.7951
2016-08-10,0.8378
2016-08-11,0.8551
2016-08-12,0.7928
2016-08-13,0.8283
2016-08-14,0.8202
2016-08-15,0.8323
2016-08-16,0.8731
2016-08-17,0.8706
2016-08-18,0.8183
2016-08-19,0.8185
2016-08-20,0.7906
2016-08-21,0.7699
2016-08-22,0.7664
2016-08-23,0.768
2016-08-24,0.6973
2016-08-25,0.7153
2016-08-26,0.6491
2016-08-27,0.6726
2016-08-28,0.7669
2016-08-29,0.7107
2016-08-30,0.698
2016-08-31,0.7207
2016-09-01,0.7594
2016-09-02,0.8319
2016-09-03,0.8244
2016-09-04,0.7892
2016-09-05,0.7655
2016-09-06,0.7146
2016-09-07,0.7156
2016-09-08,0.7152
2016-09-09,0.7122
2016-09-10,0.7678
2016-09-11,0.7362
2016-09-12,0.7439
2016-09-13,0.7149
2016-09-14,0.7081
2016-09-15,0.6656
2016-09-16,0.7059
2016-09-17,0.6739
2016-09-18,0.6445
2016-09-19,0.6449
2016-09-20,0.661
2016-09-21,0.7479
2016-09-22,0.6714
2016-09-23,0.7104
2016-09-24,0.7103
2016-09-25,0.6566
2016-09-26,0.6433
2016-09-27,0.6252
2016-09-28,0.6239
2016-09-29,0.6843
2016-09-30,0.6474
2016-10-01,0.6588
2016-10-02,0.6335
2016-10-03,0.6005
2016-10-04,0.61
2016-10-05,0.5998
2016-10-06,0.5698
2016-10-07,0.5936
2016-10-08,0.5378
2016-10-09,0.5359
2016-10-10,0.5943
2016-10-11,0.5011
2016-10-12,0.4915
2016-10-13,0.5385
2016-10-14,0.5161
2016-10-15,0.5141
2016-10-16,0.5156
2016-10-17,0.5126
2016-10-18,0.5008
2016-10-19,0.5112
2016-10-20,0.5026
2016-10-21,0.5257
2016-10-22,0.5028
2016-10-23,0.5306
2016-10-24,0.5082
2016-10-25,0.4665
2016-10-26,0.506
2016-10-27,0.4551
2016-10-28,0.521
2016-10-29,0.5221
2016-10-30,0.4818
2016-10-31,0.522
2016-11-01,0.5033
2016-11-02,0.484
2016-11-03,0.4835
2016-11-04,0.4739
2016-11-05,0.5019
2016-11-06,0.4742
2016-11-07,0.4947
2016-11-08,0.488
2016-11-09,0.4682
2016-11-10,0.4847
2016-11-11,0.473
2016-11-12,0.5073
2016-11-13,0.46
2016-11-14,0.4651
2016-11-15,0.4662
2016-11-16,0.436
2016-11-17,0.4544
2016-11-18,0.4641
2016-11-19,0.4238
2016-11-20,0.4786
2016-11-21,0.4364
2016-11-22,0.4922
2016-11-23,0.4729
2016-11-24,0.4563
2016-11-25,0.4601
2016-11-26,0.4216
2016-11-27,0.4202
2016-11-28,0.4825
2016-11-29,0.4623
2016-11-30,0.4427
2016-12-01,0.4464
2016-12-02,0.4776
2016-12-03,0.4687
2016-12-04,0.4428
2016-12-05,0.4349
2016-12-06,0.4646
2016-12-07,0.533
2016-12-08,0.5307
2016-12-09,0.5168
2016-12-10,0.5052
2016-12-11,0.5399
2016-12-12,0.5157
2016-12-13,0.4867
2016-12-14,0.5068
2016-12-15,0.498
2016-12-16,0.445
2016-12-17,0.476
2016-12-18,0.4861
2016-12-19,0.4917
2016-12-20,0.4698
2016-12-21,0.4839
2016-12-22,0.4426
2016-12-23,0.4886
2016-12-24,0.4992
2016-12-25,0.451
2016-12-26,0.4602
2016-12-27,0.5072
2016-12-28,0.4487
2016-12-29,0.452
2016-12-30,0.4794
2016-12-31,0.4148
2017-01-01,0.4078
2017-01-02,0.4297
2017-01-03,0.5048
2017-01-04,0.4206
2017-01-05,0.4412
2017-01-06,0.4607
2017-01-07,0.4194
2017-01-08,0.4345
2017-01-09,0.4479
2017-01-10,0.481
2017-01-11,0.439
2017-01-12,0.4763
2017-01-13,0.4414
2017-01-14,0.4583
2017-01-15,0.4666
2017-01-16,0.4289
2017-01-17,0.4601
2017-01-18,0.467
2017-01-19,0.4835
2017-01-20,0.4544
2017-01-21,0.4774
2017-01-22,0.4701
2017-01-23,0.4439
2017-01-24,0.4653
2017-01-25,0.4495
2017-01-26,0.482
2017-01-27,0.425
2017-01-28,0.4765
2017-01-29,0.4454
2017-01-30,0.4635
2017-01-31,0.4618
2017-02-01,0.4156
2017-02-02,0.434
2017-02-03,0.4376
2017-02-04,0.484
2017-02-05,0.4347
2017-02-06,0.4641
2017-02-07,0.4755
2017-02-08,0.4816
2017-02-09,0.437
2017-02-10,0.4479
2017-02-11,0.4703
2017-02-12,0.4625
2017-02-13,0.4477
2017-02-14,0.4722
2017-02-15,0.4601
2017-02-16,0.4671
2017-02-17,0.4882
2017-02-18,0.4473
2017-02-19,0.4603
2017-02-20,0.4267
2017-02-21,0.4462
2017-02-22,0.4619
2017-02-23,0.5036
2017-02-24,0.4547
2017-02-25,0.4629
2017-02-26,0.44
2017-02-27,0.4445
2017-02-28,0.4943
2017-03-01,0.4932
2017-03-02,0.4818
2017-03-03,0.5064
2017-03-04,0.4801
2017-03-05,0.4636
2017-03-06,0.513
2017-03-07,0.4439
2017-03-08,0.4895
2017-03-09,0.478
2017-03-10,0.4652
2017-03-11,0.4572
2017-03-12,0.45
2017-03-13,0.4674
2017-03-14,0.5072
2017-03-15,0.5233
2017-03-16,0.4566
2017-03-17,0.4618
2017-03-18,0.4747
2017-03-19,0.4755
2017-03-20,0.4883
2017-03-21,0.456
2017-03-22,0.4331
2017-03-23,0.4669
2017-03-24,0.4535
2017-03-25,0.4623
2017-03-26,0.4383
2017-03-27,0.461
2017-03-28,0.4832
2017-03-29,0.4581
2017-03-30,0.4775
2017-03-31,0.4292
2017-04-01,0.4948
2017-04-02,0.4612
2017-04-03,0.4744
2017-04-04,0.4372
2017-04-05,0.4829
2017-04-06,0.4591
2017-04-07,0.48
2017-04-08,0.4661
2017-04-09,0.5498
2017-04-10,0.5808
2017-04-11,0.5749
2017-04-12,0.5429
2017-04-13,0.5246
2017-04-14,0.5367
2017-04-15,0.5598
2017-04-16,0.5281
2017-04-17,0.5107
2017-04-18,0.5433
2017-04-19,0.5056
2017-04-20,0.4958
2017-04-21,0.5101
2017-04-22,0.5033
2017-04-23,0.4782
2017-04-24,0.48
2017-04-25,0.4894
2017-04-26,0.4252
2017-04-27,0.5384
2017-04-28,0.5163
2017-04-29,0.5484
2017-04-30,0.5207
2017-05-01,0.5293
2017-05-02,0.5233
2017-05-03,0.4872
2017-05-04,0.5928
2017-05-05,0.5586
2017-05-06,0.5538
2017-05-07,0.5078
2017-05-08,0.6088
2017-05-09,0.6111
2017-05-10,0.5784
2017-05-11,0.5977
2017-05-12,0.5465
2017-05-13,0.5969
2017-05-14,0.5769
2017-05-15,0.6121
2017-05-16,0.5699
2017-05-17,0.5844
2017-05-18,0.6262
2017-05-19,0.591
2017-05-20,0.6643
2017-05-21,0.6841
2017-05-22,0.6585
2017-05-23,0.6384
2017-05-24,0.7578
2017-05-25,0.8022
2017-05-26,0.7734
2017-05-27,0.7384
2017-05-28,0.7194
2017-05-29,0.6966
2017-05-30,0.6981
2017-05-31,0.6842
2017-06-01,0.6779
2017-06-02,0.6608
2017-06-03,0.6414
2017-06-04,0.6714
2017-06-05,0.682
2017-06-06,0.6976
2017-06-07,0.7468
2017-06-08,0.7819
2017-06-09,0.7315
2017-06-10,0.7267
2017-06-11,0.677
2017-06-12,0.7645
2017-06-13,0.8262
2017-06-14,0.8285
2017-06-15,0.7588
2017-06-16,0.7975
2017-06-17,0.7564
2017-06-18,0.7149
2017-06-19,0.7193
2017-06-20,0.6961
2017-06-21,0.7134
2017-06-22,0.7605
2017-06-23,0.7268
2017-06-24,0.7538
2017-06-25,0.7455
2017-06-26,0.722
2017-06-27,0.7286
2017-06-28,0.7561
2017-06-29,0.7716
2017-06-30,0.7557
2017-07-01,0.7658
2017-07-02,0.8072
2017-07-03,0.7892
2017-07-04,0.7127
2017-07-05,0.7646
2017-07-06,0.6564
2017-07-07,0.6967
2017-07-08,0.677
2017-07-09,0.6749
2017-07-10,0.7541
2017-07-11,0.7299
2017-07-12,0.7233
2017-07-13,0.6679
2017-07-14,0.7105
2017-07-15,0.6834
2017-07-16,0.8039
2017-07-17,0.8015
2017-07-18,0.782
2017-07-19,0.8738
2017-07-20,0.9054
2017-07-21,0.8635
2017-07-22,0.8836
2017-07-23,0.8761
2017-07-24,0.8804
2017-07-25,0.9015
2017-07-26,0.9128
2017-07-27,0.8615
2017-07-28,0.8907
2017-07-29,0.8922
2017-07-30,0.8511
2017-07-31,0.8536
2017-08-01,0.8586
2017-08-02,0.8668
2017-08-03,0.8422
2017-08-04,0.8899
2017-08-05,0.8649
2017-08-06,0.87
2017-08-07,0.8552
2017-08-08,0.9106
2017-08-09,0.8642
2017-08-10,0.8557
2017-08-11,0.8654
2017-08-12,0.8674
2017-08-13,0.8403
2017-08-14,0.8051
2017-08-15,0.818
2017-08-16,0.8182
2017-08-17,0.7423
2017-08-18,0.7502
2017-08-19,0.7522
2017-08-20,0.8065
2017-08-21,0.799
2017-08-22,0.7617
2017-08-23,0.751
2017-08-24,0.791
2017-08-25,0.756
2017-08-26,0.8001
2017-08-27,0.7544
2017-08-28,0.7745
2017-08-29,0.7484
2017-08-30,0.7827
2017-08-31,0.8041
2017-09-01,0.808
2017-09-02,0.717
2017-09-03,0.774
2017-09-04,0.794
2017-09-05,0.8291
2017-09-06,0.854
2017-09-07,0.8208
2017-09-08,0.7674
2017-09-09,0.8283
2017-09-10,0.774
2017-09-11,0.7536
2017-09-12,0.7505
2017-09-13,0.6979
2017-09-14,0.6801
2017-09-15,0.6536
2017-09-16,0.6985
2017-09-17,0.6662
2017-09-18,0.6614
2017-09-19,0.657
2017-09-20,0.6157
2017-09-21,0.6084
2017-09-22,0.63
2017-09-23,0.576
2017-09-24,0.6298
2017-09-25,0.6442
2017-09-26,0.5936
2017-09-27,0.5972
2017-09-28,0.5833
2017-09-29,0.5316
2017-09-30,0.5921
2017-10-01,0.5946
2017-10-02,0.5946
2017-10-03,0.6292
2017-10-04,0.5914
2017-10-05,0.5792
2017-10-06,0.5359
2017-10-07,0.5245
2017-10-08,0.5645
2017-10-09,0.6167
2017-10-10,0.5527
2017-10-11,0.5637
2017-10-12,0.5752
2017-10-13,0.5428
2017-10-14,0.5297
2017-10-15,0.5278
2017-10-16,0.5066
2017-10-17,0.4714
2017-10-18,0.4838
2017-10-19,0.531
2017-10-20,0.4942
2017-10-21,0.6627
2017-10-22,0.5869
2017-10-23,0.6072
2017-10-24,0.5737
2017-10-25,0.5669
2017-10-26,0.587
2017-10-27,0.5799
2017-10-28,0.5829
2017-10-29,0.532
2017-10-30,0.5425
2017-10-31,0.5872
2017-11-01,0.5658
2017-11-02,0.5333
2017-11-03,0.533
2017-11-04,0.5305
2017-11-05,0.5202
2017-11-06,0.5126
2017-11-07,0.509
2017-11-08,0.5074
2017-11-09,0.5627
2017-11-10,0.5167
2017-11-11,0.4721
2017-11-12,0.5225
2017-11-13,0.5412
2017-11-14,0.5392
2017-11-15,0.4997
2017-11-16,0.5013
2017-11-17,0.5402
2017-11-18,0.4524
2017-11-19,0.4893
2017-11-20,0.4848
2017-11-21,0.4566
2017-11-22,0.4818
2017-11-23,0.4715
2017-11-24,0.5513
2017-11-25,0.5564
2017-11-26,0.5949
2017-11-27,0.5415
2017-11-28,0.5258
2017-11-29,0.5518
2017-11-30,0.5237
2017-12-01,0.5597
2017-12-02,0.5503
2017-12-03,0.5265
2017-12-04,0.5372
2017-12-05,0.4982
2017-12-06,0.5191
2017-12-07,0.4919
2017-12-08,0.5543
2017-12-09,0.5321
2017-12-10,0.5366
2017-12-11,0.529
2017-12-12,0.5336
2017-12-13,0.4903
2017-12-14,0.4626
2017-12-15,0.5249
2017-12-16,0.4941
2017-12-17,0.488
2017-12-18,0.5505
2017-12-19,0.6387
2017-12-20,0.5784
2017-12-21,0.57
2017-12-22,0.545
2017-12-23,0.5625
2017-12-24,0.5404
2017-12-25,0.4642
2017-12-26,0.5027
2017-12-27,0.5259
2017-12-28,0.5174
2017-12-29,0.4726
2017-12-30,0.506
2017-12-31,0.4876
2018-01-01,0.4465
2018-01-02,0.5227
2018-01-03,0.4837
2018-01-04,0.4781
2018-01-05,0.4976
2018-01-06,0.446
2018-01-07,0.4972
2018-01-08,0.5024
2018-01-09,0.497
2018-01-10,0.5264
2018-01-11,0.5228
2018-01-12,0.4594
2018-01-13,0.4715
2018-01-14,0.4846
2018-01-15,0.5281
2018-01-16,0.5006
2018-01-17,0.5002
2018-01-18,0.51
2018-01-19,0.5176
2018-01-20,0.5038
2018-01-21,0.5187
2018-01-22,0.5064
2018-01-23,0.498
2018-01-24,0.4795
2018-01-25,0.4577
2018-01-26,0.5199
2018-01-27,0.4554
2018-01-28,0.4621
2018-01-29,0.5184
2018-01-30,0.4997
2018-01-31,0.5207
2018-02-01,0.4948
2018-02-02,0.503
2018-02-03,0.5339
2018-02-04,0.4941
2018-02-05,0.4897
2018-02-06,0.5077
2018-02-07,0.4898
2018-02-08,0.4913
2018-02-09,0.449
2018-02-10,0.4594
2018-02-11,0.4918
2018-02-12,0.4605
2018-02-13,0.4595
2018-02-14,0.5048
2018-02-15,0.4574
2018-02-16,0.486
2018-02-17,0.4664
2018-02-18,0.46
2018-02-19,0.4655
2018-02-20,0.4548
2018-02-21,0.436
2018-02-22,0.4767
2018-02-23,0.4552
2018-02-24,0.4852
2018-02-25,0.4603
2018-02-26,0.4471
2018-02-27,0.436
2018-02-28,0.4763
2018-03-01,0.4919
2018-03-02,0.4676
2018-03-03,0.4747
2018-03-04,0.429
2018-03-05,0.4774
2018-03-06,0.4612
2018-03-07,0.4534
2018-03-08,0.5063
2018-03-09,0.486
2018-03-10,0.4728
2018-03-11,0.467
2018-03-12,0.4613
2018-03-13,0.4627
2018-03-14,0.4754
2018-03-15,0.4689
2018-03-16,0.4776
2018-03-17,0.4988
2018-03-18,0.4729
2018-03-19,0.4784
2018-03-20,0.4859
2018-03-21,0.4621
2018-03-22,0.4723
2018-03-23,0.4663
2018-03-24,0.4493
2018-03-25,0.4457
2018-03-26,0.5165
2018-03-27,0.4542
2018-03-28,0.471
2018-03-29,0.447
2018-03-30,0.4392
2018-03-31,0.4668
2018-04-01,0.5005
2018-04-02,0.5338
2018-04-03,0.5395
2018-04-04,0.5082
2018-04-05,0.5349
2018-04-06,0.5506
2018-04-07,0.5361
2018-04-08,0.4982
2018-04-09,0.5155
2018-04-10,0.536
2018-04-11,0.5049
2018-04-12,0.5357
2018-04-13,0.5039
2018-04-14,0.4867
2018-04-15,0.4892
2018-04-16,0.5134
2018-04-17,0.4473
2018-04-18,0.4648
2018-04-19,0.4513
2018-04-20,0.4764
2018-04-21,0.4839
2018-04-22,0.4705
2018-04-23,0.4499
2018-04-24,0.4724
2018-04-25,0.4282
2018-04-26,0.4826
2018-04-27,0.4507
2018-04-28,0.4923
2018-04-29,0.4477
2018-04-30,0.49
2018-05-01,0.481
2018-05-02,0.4634
2018-05-03,0.4108
2018-05-04,0.4518
2018-05-05,0.4673
2018-05-06,0.4389
2018-05-07,0.4765
2018-05-08,0.4381
2018-05-09,0.4417
2018-05-10,0.5017
2018-05-11,0.4815
2018-05-12,0.4631
2018-05-13,0.4718
2018-05-14,0.5288
2018-05-15,0.4785
2018-05-16,0.5204
2018-05-17,0.5234
2018-05-18,0.5961
2018-05-19,0.6188
2018-05-20,0.5722
2018-05-21,0.6103
2018-05-22,0.7479
2018-05-23,0.7464
2018-05-24,0.8203
2018-05-25,0.8015
2018-05-26,0.753
2018-05-27,0.7632
2018-05-28,0.715
2018-05-29,0.7335
2018-05-30,0.6903
2018-05-31,0.7141
2018-06-01,0.6993
2018-06-02,0.6423
2018-06-03,0.6347
2018-06-04,0.616
2018-06-05,0.6001
2018-06-06,0.6179
2018-06-07,0.5722
2018-06-08,0.6124
2018-06-09,0.6557
2018-06-10,0.676
2018-06-11,0.7841
2018-06-12,0.823
2018-06-13,0.7828
2018-06-14,0.7908
2018-06-15,0.7892
2018-06-16,0.763
2018-06-17,0.8108
2018-06-18,0.7775
2018-06-19,0.74
2018-06-20,0.7936
2018-06-21,0.7639
2018-06-22,0.7613
2018-06-23,0.7936
2018-06-24,0.6818
2018-06-25,0.7001
2018-06-26,0.6777
2018-06-27,0.6869
2018-06-28,0.6986
2018-06-29,0.6755
2018-06-30,0.7323
2018-07-01,0.6773
2018-07-02,0.6846
2018-07-03,0.7788
2018-07-04,0.7978
2018-07-05,0.8127
2018-07-06,0.7634
2018-07-07,0.769
2018-07-08,0.7625
2018-07-09,0.7319
2018-07-10,0.7687
2018-07-11,0.7923
2018-07-12,0.7285
2018-07-13,0.7028
2018-07-14,0.8688
2018-07-15,0.8212
2018-07-16,0.8109
2018-07-17,0.805
2018-07-18,0.8118
2018-07-19,0.8004
2018-07-20,0.7636
2018-07-21,0.8204
2018-07-22,0.7807
2018-07-23,0.8102
2018-07-24,0.8595
2018-07-25,0.8578
2018-07-26,0.8424
2018-07-27,0.8536
2018-07-28,0.8318
2018-07-29,0.8213
2018-07-30,0.8353
2018-07-31,0.7858
2018-08-01,0.7727
2018-08-02,0.7942
2018-08-03,0.7556
2018-08-04,0.7221
2018-08-05,0.7768
2018-08-06,0.7879
2018-08-07,0.7699
2018-08-08,0.7889
2018-08-09,0.8671
2018-08-10,0.8387
2018-08-11,0.8211
2018-08-12,0.8433
2018-08-13,0.7798
2018-08-14,0.7974
2018-08-15,0.7979
2018-08-16,0.754
2018-08-17,0.7347
2018-08-18,0.84
2018-08-19,0.8356
2018-08-20,0.8638
2018-08-21,0.7989
2018-08-22,0.7835
2018-08-23,0.782
2018-08-24,0.8379
2018-08-25,0.8262
2018-08-26,0.7731
2018-08-27,0.7668
2018-08-28,0.7691
2018-08-29,0.7232
2018-08-30,0.7379
2018-08-31,0.7272
2018-09-01,0.6849
2018-09-02,0.6871
2018-09-03,0.7121
2018-09-04,0.6855
2018-09-05,0.7683
2018-09-06,0.7474
2018-09-07,0.7978
2018-09-08,0.7704
2018-09-09,0.7626
2018-09-10,0.7706
2018-09-11,0.7523
2018-09-12,0.6877
2018-09-13,0.7594
2018-09-14,0.7459
2018-09-15,0.7298
2018-09-16,0.7234
2018-09-17,0.6892
2018-09-18,0.723
2018-09-19,0.6427
2018-09-20,0.6846
2018-09-21,0.6291
2018-09-22,0.6867
2018-09-23,0.7493
2018-09-24,0.7149
2018-09-25,0.7073
2018-09-26,0.7127
2018-09-27,0.6494
2018-09-28,0.6515
2018-09-29,0.6348
2018-09-30,0.6009
2018-10-01,0.6311
2018-10-02,0.5952
2018-10-03,0.6049
2018-10-04,0.6219
2018-10-05,0.594
2018-10-06,0.5558
2018-10-07,0.7488
2018-10-08,0.7463
2018-10-09,0.6919
2018-10-10,0.7113
2018-10-11,0.6929
2018-10-12,0.6939
2018-10-13,0.6517
2018-10-14,0.6362
2018-10-15,0.6044
2018-10-16,0.6297
2018-10-17,0.6721
2018-10-18,0.6391
2018-10-19,0.6186
2018-10-20,0.5976
2018-10-21,0.5807
2018-10-22,0.5838
2018-10-23,0.5418
2018-10-24,0.5959
2018-10-25,0.5648
2018-10-26,0.6372
2018-10-27,0.6166
2018-10-28,0.6068
2018-10-29,0.6889
2018-10-30,0.7358
2018-10-31,0.6988
2018-11-01,0.6642
2018-11-02,0.6232
2018-11-03,0.6679
2018-11-04,0.6242
2018-11-05,0.5967
2018-11-06,0.5742
2018-11-07,0.5738
2018-11-08,0.5914
2018-11-09,0.5375
2018-11-10,0.543
2018-11-11,0.5355
2018-11-12,0.5405
2018-11-13,0.5438
2018-11-14,0.5165
2018-11-15,0.5162
2018-11-16,0.5103
2018-11-17,0.483
2018-11-18,0.4924
2018-11-19,0.4647
2018-11-20,0.4896
2018-11-21,0.482
2018-11-22,0.4822
2018-11-23,0.5278
2018-11-24,0.5803
2018-11-25,0.5472
2018-11-26,0.5127
2018-11-27,0.494
2018-11-28,0.5053
2018-11-29,0.4955
2018-11-30,0.4955
2018-12-01,0.4986
2018-12-02,0.4645
2018-12-03,0.4682
2018-12-04,0.4815
2018-12-05,0.4383
2018-12-06,0.5216
2018-12-07,0.5532
2018-12-08,0.5534
2018-12-09,0.5578
2018-12-10,0.5343
2018-12-11,0.5221
2018-12-12,0.525
2018-12-13,0.5125
2018-12-14,0.5263
2018-12-15,0.4994
2018-12-16,0.518
2018-12-17,0.5255
2018-12-18,0.5
2018-12-19,0.4857
2018-12-20,0.4551
2018-12-21,0.4653
2018-12-22,0.4523
2018-12-23,0.4696
2018-12-24,0.493
2018-12-25,0.4375
2018-12-26,0.4766
2018-12-27,0.4321
2018-12-28,0.4562
2018-12-29,0.478
2018-12-30,0.4513
2018-12-31,0.4876
2019-01-01,0.5116
2019-01-02,0.4979
2019-01-03,0.4974
2019-01-04,0.4906
2019-01-05,0.4953
2019-01-06,0.459
2019-01-07,0.479
2019-01-08,0.4635
2019-01-09,0.478
2019-01-10,0.4577
2019-01-11,0.493
2019-01-12,0.5253
2019-01-13,0.5244
2019-01-14,0.4736
2019-01-15,0.4796
2019-01-16,0.4897
2019-01-17,0.4627
2019-01-18,0.4714
2019-01-19,0.4561
2019-01-20,0.4816
2019-01-21,0.4461
2019-01-22,0.5058
2019-01-23,0.4423
2019-01-24,0.461
2019-01-25,0.4899
2019-01-26,0.4946
2019-01-27,0.4354
2019-01-28,0.4946
2019-01-29,0.4777
2019-01-30,0.4849
2019-01-31,0.4364
2019-02-01,0.5171
2019-02-02,0.4348
2019-02-03,0.4925
2019-02-04,0.4402
2019-02-05,0.4385
2019-02-06,0.4793
2019-02-07,0.4471
2019-02-08,0.502
2019-02-09,0.4887
2019-02-10,0.4676
2019-02-11,0.4472
2019-02-12,0.448
2019-02-13,0.4649
2019-02-14,0.4628
2019-02-15,0.4458
2019-02-16,0.5144
2019-02-17,0.5259
2019-02-18,0.5357
2019-02-19,0.4946
2019-02-20,0.5023
2019-02-21,0.5161
2019-02-22,0.5051
2019-02-23,0.4346
2019-02-24,0.4998
2019-02-25,0.4719
2019-02-26,0.5011
2019-02-27,0.4684
2019-02-28,0.4524
2019-03-01,0.5326
2019-03-02,0.4495
2019-03-03,0.4591
2019-03-04,0.4858
2019-03-05,0.4983
2019-03-06,0.4886
2019-03-07,0.4791
2019-03-08,0.4511
2019-03-09,0.5133
2019-03-10,0.434
2019-03-11,0.4727
2019-03-12,0.4341
2019-03-13,0.4688
2019-03-14,0.4625
2019-03-15,0.5428
2019-03-16,0.5042
2019-03-17,0.5009
2019-03-18,0.4681
2019-03-19,0.4889
2019-03-20,0.4779
2019-03-21,0.4878
2019-03-22,0.5258
2019-03-23,0.5442
2019-03-24,0.531
2019-03-25,0.5392
2019-03-26,0.5354
2019-03-27,0.5017
2019-03-28,0.5244
2019-03-29,0.5131
2019-03-30,0.4635
2019-03-31,0.5196
2019-04-01,0.4677
2019-04-02,0.4817
2019-04-03,0.5086
2019-04-04,0.4675
2019-04-05,0.4953
2019-04-06,0.4597
2019-04-07,0.4589
2019-04-08,0.4919
2019-04-09,0.4606
2019-04-10,0.4869
2019-04-11,0.4943
2019-04-12,0.4761
2019-04-13,0.4733
2019-04-14,0.4476
2019-04-15,0.4462
2019-04-16,0.4616
2019-04-17,0.468
2019-04-18,0.4281
2019-04-19,0.4469
2019-04-20,0.4563
2019-04-21,0.4732
2019-04-22,0.5301
2019-04-23,0.5045
2019-04-24,0.5202
2019-04-25,0.4948
2019-04-26,0.4928
2019-04-27,0.5086
2019-04-28,0.5442
2019-04-29,0.5352
2019-04-30,0.4607
2019-05-01,0.5331
2019-05-02,0.5025
2019-05-03,0.5172
2019-05-04,0.5324
2019-05-05,0.5635
2019-05-06,0.5192
2019-05-07,0.5414
2019-05-08,0.5054
2019-05-09,0.5657
2019-05-10,0.5489
2019-05-11,0.5483
2019-05-12,0.5298
2019-05-13,0.5792
2019-05-14,0.5592
2019-05-15,0.5426
2019-05-16,0.5639
2019-05-17,0.5044
2019-05-18,0.4863
2019-05-19,0.4803
2019-05-20,0.4612
2019-05-21,0.5151
2019-05-22,0.5203
2019-05-23,0.4874
2019-05-24,0.5077
2019-05-25,0.5009
2019-05-26,0.48
2019-05-27,0.4649
2019-05-28,0.5201
2019-05-29,0.5075
2019-05-30,0.6554
2019-05-31,0.6234
2019-06-01,0.6735
2019-06-02,0.6422
2019-06-03,0.6416
2019-06-04,0.6192
2019-06-05,0.6625
2019-06-06,0.6879
2019-06-07,0.7055
2019-06-08,0.661
2019-06-09,0.6941
2019-06-10,0.6895
2019-06-11,0.7017
2019-06-12,0.6714
2019-06-13,0.7313
2019-06-14,0.7369
2019-06-15,0.7401
2019-06-16,0.7622
2019-06-17,0.7105
2019-06-18,0.7248
2019-06-19,0.7551
2019-06-20,0.6885
2019-06-21,0.7345
2019-06-22,0.759
2019-06-23,0.697
2019-06-24,0.8297
2019-06-25,0.8156
2019-06-26,0.8364
2019-06-27,0.8023
2019-06-28,0.8208
2019-06-29,0.77
2019-06-30,0.7875
2019-07-01,0.7908
2019-07-02,0.8218
2019-07-03,0.8149
2019-07-04,0.877
2019-07-05,0.8023
2019-07-06,0.888
2019-07-07,0.8774
2019-07-08,0.8444
2019-07-09,0.8501
2019-07-10,0.8801
2019-07-11,0.8066
2019-07-12,0.8403
2019-07-13,0.8636
2019-07-14,0.8458
2019-07-15,0.8463
2019-07-16,0.8947
2019-07-17,0.9126
2019-07-18,0.9158
2019-07-19,0.8695
2019-07-20,0.835
2019-07-21,0.8312
2019-07-22,0.8567
2019-07-23,0.8384
2019-07-24,0.8717
2019-07-25,0.8804
2019-07-26,0.8751
2019-07-27,0.8365
2019-07-28,0.8727
2019-07-29,0.8642
2019-07-30,0.8474
2019-07-31,0.8632
2019-08-01,0.8297
2019-08-02,0.859
2019-08-03,0.8413
2019-08-04,0.8066
2019-08-05,0.8117
2019-08-06,0.7974
2019-08-07,0.7997
2019-08-08,0.7726
2019-08-09,0.8622
2019-08-10,0.8382
2019-08-11,0.8223
2019-08-12,0.8262
2019-08-13,0.8569
2019-08-14,0.899
2019-08-15,0.8898
2019-08-16,0.8228
2019-08-17,0.8878
2019-08-18,0.8297
2019-08-19,0.8877
2019-08-20,0.8734
2019-08-21,0.8157
2019-08-22,0.8294
2019-08-23,0.7877
2019-08-24,0.8158
2019-08-25,0.7791
2019-08-26,0.7602
2019-08-27,0.7912
2019-08-28,0.7549
2019-08-29,0.7527
2019-08-30,0.7428
2019-08-31,0.6911
2019-09-01,0.76
2019-09-02,0.777
2019-09-03,0.759
2019-09-04,0.7083
2019-09-05,0.7429
2019-09-06,0.6936
2019-09-07,0.7078
2019-09-08,0.668
2019-09-09,0.6797
2019-09-10,0.6244
2019-09-11,0.6265
2019-09-12,0.5794
2019-09-13,0.6729
2019-09-14,0.7007
2019-09-15,0.7393
2019-09-16,0.7036
2019-09-17,0.6741
2019-09-18,0.6693
2019-09-19,0.6794
2019-09-20,0.6493
2019-09-21,0.6891
2019-09-22,0.6198
2019-09-23,0.6495
2019-09-24,0.6391
2019-09-25,0.6569
2019-09-26,0.6715
2019-09-27,0.6477
2019-09-28,0.6204
2019-09-29,0.6058
2019-09-30,0.6398
2019-10-01,0.638
2019-10-02,0.6377
2019-10-03,0.6376
2019-10-04,0.579
2019-10-05,0.6106
2019-10-06,0.5602
2019-10-07,0.6199
2019-10-08,0.5852
2019-10-09,0.5906
2019-10-10,0.5473
2019-10-11,0.513
2019-10-12,0.492
2019-10-13,0.52
2019-10-14,0.4782
2019-10-15,0.5186
2019-10-16,0.5136
2019-10-17,0.4771
2019-10-18,0.5138
2019-10-19,0.4889
2019-10-20,0.4898
2019-10-21,0.4928
2019-10-22,0.5576
2019-10-23,0.5625
2019-10-24,0.5323
2019-10-25,0.5549
2019-10-26,0.5189
2019-10-27,0.5552
2019-10-28,0.542
2019-10-29,0.5
2019-10-30,0.5059
2019-10-31,0.507
2019-11-01,0.5317
2019-11-02,0.5374
2019-11-03,0.5248
2019-11-04,0.5604
2019-11-05,0.5102
2019-11-06,0.5068
2019-11-07,0.4971
2019-11-08,0.5011
2019-11-09,0.4655
2019-11-10,0.5145
2019-11-11,0.4604
2019-11-12,0.4472
2019-11-13,0.4953
2019-11-14,0.4991
2019-11-15,0.4726
2019-11-16,0.454
2019-11-17,0.4214
2019-11-18,0.5119
2019-11-19,0.487
2019-11-20,0.508
2019-11-21,0.4847
2019-11-22,0.5093
2019-11-23,0.5659
2019-11-24,0.5764
2019-11-25,0.549
2019-11-26,0.5423
2019-11-27,0.5208
2019-11-28,0.5562
2019-11-29,0.4848
2019-11-30,0.5318
2019-12-01,0.4899
2019-12-02,0.5999
2019-12-03,0.616
2019-12-04,0.5544
2019-12-05,0.5919
2019-12-06,0.5504
2019-12-07,0.5684
2019-12-08,0.559
2019-12-09,0.5548
2019-12-10,0.518
2019-12-11,0.5252
2019-12-12,0.4985
2019-12-13,0.5088
2019-12-14,0.4929
2019-12-15,0.5129
2019-12-16,0.5507
2019-12-17,0.5074
2019-12-18,0.4625
2019-12-19,0.4798
2019-12-20,0.4743
2019-12-21,0.445
2019-12-22,0.4598
2019-12-23,0.4893
2019-12-24,0.4473
2019-12-25,0.5186
2019-12-26,0.4539
2019-12-27,0.4824
2019-12-28,0.5172
2019-12-29,0.4887
2019-12-30,0.4952
2019-12-31,0.4321
